web_user_id,customer_id,anonymous_cookie_id,email_hash,created_at,updated_at
700001,100051.0,f5d63f1e27baff0434521fc83e64e93b,3120ff119c3b5dfdf8a1a71723efccd7f3ae150e90c6dd78d0dfba39c6848457,2023-08-16T00:00:00,2026-08-15T12:00:00
700002,,2d204afb15f67b8728a9f86515b21a3d,d7711fcf5a2015c6b21e6c495dc43c1cddc8d239bf5da824c5382b4e98691dc9,2026-04-13T00:00:00,2026-08-15T12:00:00
700003,100054.0,907d8bd5a4530b2898da0f229449684c,2049daabcf7170de31b03373d7cbd7ad3322b46d3d83b9441666085cbfb98ed4,2024-01-08T00:00:00,2026-08-15T12:00:00
700004,,e11acb9c9a2d42442c26cf2ec5954e25,137e6a5a6ae77fa6f7617b8e25674e4afafd291f21c4c934771b48d8168c29be,2023-10-27T00:00:00,2026-08-15T12:00:00
700005,100035.0,6edb266159599d2f55746805664c43d3,7c3fe30a9ee84696b421b1986a445cc45dd4c4975b23d99a72f9f471cd1ea665,2023-06-27T00:00:00,2026-08-15T12:00:00
700006,,8b3ecce465df0150a3e11d1d3710a445,128d8d75d9dc919be77a8359aa38b56341ae96489c25bbd3db458669250e4f42,2025-09-06T00:00:00,2026-08-15T12:00:00
700007,100050.0,54767db3c7c440458719b7b7cb64f824,d839e51b2038909f17bf8fe255d1cfbf2c493d4234fa439e0ede1e2cb1a684d9,2023-11-09T00:00:00,2026-08-15T12:00:00
700008,100031.0,6c3955a7ee45129225ec373379e103ec,7023b7910f704522579e6ff86610c09520fcc70a853dc8101a2c40b36be7cdfd,2023-04-16T00:00:00,2026-08-15T12:00:00
700009,,90d9cd7357e1d9f98cecae6379324c71,47ca2dc57ec5dd899e8d608b133907b44c63b00ceb7974a2a158e5f684855063,2025-06-03T00:00:00,2026-08-15T12:00:00
700010,100018.0,efdbf956d3de86716e1850b056e52fac,d30e7265be0a2c0ac5e66b9992244cc88951c22e086b8b6b7fe13c6dfa4b4222,2025-01-24T00:00:00,2026-08-15T12:00:00
700011,100012.0,3a50bb08fedec11445d9796f314b5154,67cbd390d1af00d65463ea91de1a3fa57f880832fa0f0c166b8289053eb9c655,2024-07-24T00:00:00,2026-08-15T12:00:00
700012,100008.0,be66ba6e5013e694b5e0649dff3c9225,b0abb9e7b7ba2c57780992241cc6b8fbf4602058134645a328c7c6a5524717ab,2023-04-16T00:00:00,2026-08-15T12:00:00
700013,100006.0,3d914dc4f30f77139a36d112f587f77c,7df8dbb3d3f223353c9db3c51b493a7b70433a21acd262cf6c63fd439bb8be10,2025-01-16T00:00:00,2026-08-15T12:00:00
700014,100059.0,9999e01e12f80c40e9c33b51190c427c,6d9fa4d96291071980d5f3bd9f7ef9296953055d7eea20c9618ea2f790cee905,2024-11-22T00:00:00,2026-08-15T12:00:00
700015,100045.0,59bc0ab5103751d289711fefa7708e8b,3c1a7119756531fce3a822de105dc724139467f5d6cdd7ad88a3e48e0dffc479,2023-12-13T00:00:00,2026-08-15T12:00:00
700016,,fdf8b262ab53a2d7b9983379f51788c9,5725a94cc466bdfd6c7fe6dcf0a815f235ebda8e6fa140e1827178736d4330bd,2023-07-13T00:00:00,2026-08-15T12:00:00
700017,,387b81c2a8b6a4925fe3c2388b00da8f,1a3c78506b4f24d495d5a74d4927471416bfb53f5831cf96481eaf14261a3e5b,2023-08-15T00:00:00,2026-08-15T12:00:00
700018,,f624ad6d69d6436b182576d2f3df3a1a,5db85d833ea44d05bc74324f58e8ac58378bc0dd01ea3c20ab02e49102a70679,2025-12-21T00:00:00,2026-08-15T12:00:00
700019,100026.0,7ccc6cf5fbdf1bf71faa721c78ae0407,de09ec8d91653f6faf3edea84611181cc4ccfe9e40e497fa85966b1efc0582d7,2025-04-01T00:00:00,2026-08-15T12:00:00
700020,100049.0,a6b47f8f2611946479682d6a67bbcf13,f26beaf753d2ac41e7b1be9a3f7ad492f93b201e059ee3d78dc49c104581e715,2026-03-03T00:00:00,2026-08-15T12:00:00
700021,100005.0,4e5ca671555d2adc4788c658b16ed949,6cd10334208a6078c01b51b6549be072b0ade1cb7d92acaaf37dd917ba055843,2024-06-26T00:00:00,2026-08-15T12:00:00
700022,100024.0,d75c8776ebea7414ffa6a514ed3c6231,c68ae806982de8694c8ed27e271118c090ec9bc0385167c49aa539f6480b169d,2023-04-04T00:00:00,2026-08-15T12:00:00
700023,100001.0,bd79cd1cd2af8406e1c2231e30f70eeb,3817d0089310a5549b07b2df1c310fc583b799c0cdd8af7e12cf4f351f68b2de,2026-06-05T00:00:00,2026-08-15T12:00:00
700024,100007.0,2182d25c335882621707529274291558,5a9bffb9199663d1967e4641640bd4a2bae2675f97d0bc0a1c9031d10cb7ec17,2026-02-10T00:00:00,2026-08-15T12:00:00
700025,100033.0,f59566bcbfc94b38063ad2e21cff63cc,19cdcf34326aadabf2f9fdb23c852541ad95ada6d5d6033f5da1773c279115d1,2026-04-29T00:00:00,2026-08-15T12:00:00
700026,100021.0,09e1552478b007ba74c4a7ebe927d26f,fbefbac21d1f18ea00048f0be21be7d457a8ae7722ea799e843eb5a0d2f0c759,2024-11-14T00:00:00,2026-08-15T12:00:00
700027,,8575ca7e28f2ab485998be2d672a1334,644341b0d7be17a5ad4bf630eda3a7b67ce4a1738389a1f4c4f27051cd335057,2023-09-04T00:00:00,2026-08-15T12:00:00
700028,,4ba6a7aaef5215bbd613433c75306c28,6c6e0b95ff226b0d3fb6998d0bf501c6d559eb85b686a2b844894db8de8ef913,2024-05-10T00:00:00,2026-08-15T12:00:00
700029,100039.0,daa378c6b1eca32999002d3e5a2b1d3a,c5a47a9e9d32ebb9e3303a2804cd35ada019f06ba8cd608d3d2e7e5e5a5c6a02,2025-04-14T00:00:00,2026-08-15T12:00:00
700030,100013.0,48c0963e3468dfa9b23b07cee791a3b4,8badfbe27a953624c1765a6375dcf769f8e9f3fa36f4fb24c7fcba6d9279fa57,2023-11-27T00:00:00,2026-08-15T12:00:00
700031,100029.0,3081cd65af88e9725b7bf7b4291cef71,74cc2064c513b799f40341b2397868ab3d8e40e00a2a6f3a4d94f344e739ee6d,2026-02-26T00:00:00,2026-08-15T12:00:00
700032,100036.0,a5942d929621630f1d45a6856960344b,865332fe30342e10eeefb9ab7937b9d1adbe44d6bb7edcdd229816056e52aff6,2025-04-12T00:00:00,2026-08-15T12:00:00
700033,,abdacccd9b2ed3edf5f61ab27cbda149,2e4df999a2ea3147c5cb5ffddb2acaa40f7a42334474373242d4efc7f022b9c2,2023-05-20T00:00:00,2026-08-15T12:00:00
700034,100002.0,18889785078ccf3c01b4314acb64878b,43cec0d5b085b183e1d8f432d52ed09a0bd70fe18173a4d0eb99f89771f3bf39,2024-05-13T00:00:00,2026-08-15T12:00:00
700035,100028.0,528906003f258bd3227139052e70c85c,9213cb839b21d5bdb5b6ef2e954d22c31f9c9eead066177372aa4d58a5102c2a,2023-05-04T00:00:00,2026-08-15T12:00:00
700036,100042.0,5150c47df84bb009b48b064a5f5e6bad,952b9b6d36aa2ba992c641ab6adc8f39ae9be22ef7d3340c88166869fba4c1e8,2025-06-24T00:00:00,2026-08-15T12:00:00
700037,100016.0,4d15fbfe746e50cfee1561b350c5ddaf,aac630877ce9d5849c62d68d099e56f5924be9830cf8872a85733e3c14a97482,2023-04-07T00:00:00,2026-08-15T12:00:00
700038,,4c0cf25c7f39b5ec2970ddf2d60e29b6,068b48da4b7baad861bb7fb5c0f5159f8d56f5f1e397e9f18a37efe2db2d5bf8,2023-06-07T00:00:00,2026-08-15T12:00:00
700039,,08b87443b61035f6711a12c4778a8e91,66cb2c581f98cea200349a9d5f97662a50241a8f483b980a0029c1d8592c943c,2023-05-05T00:00:00,2026-08-15T12:00:00
700040,,82cd44b5d0ff71bb8153f468731dd3e7,578391b2d3602a0706a62068eca7ff555156ada2b4d9fba3b133158e12b4915b,2025-02-10T00:00:00,2026-08-15T12:00:00
700041,100020.0,b375ef6c45df0e622e48424b1f650429,4a3d485441def6a759af714c0cdd46babe7179efa718eab97d6e1ba51da4704a,2025-11-28T00:00:00,2026-08-15T12:00:00
700042,100003.0,f3b2c6063fe66c4d7e66ecd2d7d9d9e5,3d84b154ea4ba3238e58ed6914bb934d890b1dd8ee3a809aa5202361e55aa8d2,2023-12-25T00:00:00,2026-08-15T12:00:00
700043,100048.0,e5d9de6c7594980af824c9ef9b02fcf8,4e055be0c54a80c97e71ebdea50f1e33fbcea3d60cbf5847a7b1f1c937732f46,2025-01-21T00:00:00,2026-08-15T12:00:00
700044,100009.0,9b8b5155a2392f1f5e943d20c4078b82,55ae908bd3a715637cd25714d748c612df98d453672c042cfc2df2f8338b9f50,2023-11-21T00:00:00,2026-08-15T12:00:00
700045,100043.0,4b193c9dfb729856f6d9bc0fb19cc19c,b0d39ca92831a781a2b2cc5d8b5cc84e3498a9429491753d2d5384133d76e1ed,2025-04-05T00:00:00,2026-08-15T12:00:00
700046,,c30cf20c2fc4a3d8cb654734304ef0cb,50203c6b63fcbf82114eb534e8b275adc20d4f6e4e4ce79d7c4f4b01cb6a10c2,2023-03-05T00:00:00,2026-08-15T12:00:00
700047,100022.0,0d655fec2b284bcf7757bf7480802ffd,5cd048ffde7c0d83fbe1ce8c7c24bacd3efccd3a68bf7d27c8f90f84421822a5,2023-02-19T00:00:00,2026-08-15T12:00:00
700048,100019.0,a83f3bdb05b9a947902a4936a1c16b42,4cfa6940509476cf33fe9fdf4c460e3f9d717758780257d6fce1f413085d6b23,2025-10-30T00:00:00,2026-08-15T12:00:00
700049,100047.0,bd009f80e5de28c15e3b90c07e5fade7,e94f243753fc82a48266773d58ba5deaa2c487d439145e3739785b6637a8a1a4,2023-07-18T00:00:00,2026-08-15T12:00:00
700050,,ac081591f72fdd0eaf5f30781bb638b5,9bac7274f237f4d24c2fc13f195bf51daa45e8583dabba17e29c3dffbda7d006,2024-06-16T00:00:00,2026-08-15T12:00:00
700051,100038.0,14dfb93a1f9eeb7b27f084ec3df0692d,b54ed3496743031cf1d0647c62a7971f64aa6ce6df9adf01b44a0a5eb8ff473d,2025-01-23T00:00:00,2026-08-15T12:00:00
700052,100052.0,83cecfdb01d5503e390cb6980d54902a,e78a539eb978c20881a84d1984f347fbfdd92e5b266792e6ea58d57af6d5f2d5,2024-03-19T00:00:00,2026-08-15T12:00:00
700053,,b1b12b9b0bb7d4e0b84ea1157c628240,06207810f74a33bb3879702105e674a154e3a537b6b48adcbb274facde00cf38,2023-03-06T00:00:00,2026-08-15T12:00:00
700054,,c29024c9ac209afd9dd66f1d8609848b,e95c5b2f5c95b9553ad5da3a8496328bfd8422bba7e01ba8621205b162b33082,2023-03-03T00:00:00,2026-08-15T12:00:00
700055,100056.0,848ace55868d064693cdcb6ba3703870,9aa8d69b5c4b2acee5dd731e76101765bcaafbb27d73fe36aed4dbcc565996ef,2023-05-03T00:00:00,2026-08-15T12:00:00
700056,100046.0,1bfe843360c8d00bb0f4777e3ab11155,8772f8f863335f2db12d77532210ff11239de3db8da1fbe582ba2a26b9928628,2024-10-09T00:00:00,2026-08-15T12:00:00
700057,100027.0,11e410c73e5bca4164066af8291a0e8b,ed53c479eae7b5512bfeb4fac11a49cbcda3ed9c0f884ca10bc94f54127422f1,2024-11-12T00:00:00,2026-08-15T12:00:00
700058,,d5025d6f6b974e88263360439f29b5e1,e501c306f4553d82a1cf722982ae5f0c0a7ad51de39fcc4dc2cdf545d2f78717,2025-10-23T00:00:00,2026-08-15T12:00:00
700059,100058.0,ebe81a92c15c0623c808282959554bba,da29b0c684ca6adf209e27dfb88f6ad552ef80939a280df651598995bebb12f3,2025-03-19T00:00:00,2026-08-15T12:00:00
700060,100037.0,0e0ab850620e24c79ee0fedaafabdf1b,46061b0338b207fb7bb4940a63c20e26122f166c931e6e90f074e6fabe2262ad,2023-12-28T00:00:00,2026-08-15T12:00:00
700061,,812ae2c13e4e51a447b96f5bcf7b0dc3,7365dd487cef87c379887a6c8f012d4e609ed781eb07bebc0519949507b51bad,2024-01-28T00:00:00,2026-08-15T12:00:00
700062,,11715c7a11fbd9b04f36117b55e4b71b,bda0300f4ec805ad9a2d5f77c23676cc9d579a42bfdb2e83914c15d41ea16bbd,2024-05-10T00:00:00,2026-08-15T12:00:00
700063,,17c6a2151185f62ce8bd2746ad478015,a20648d48358bdeb1c8e99133d54ed24a7f95b59bb5d0d222070b46d43a60952,2025-03-14T00:00:00,2026-08-15T12:00:00
700064,,fe4624651fd74f9427f8177c1184b949,a5c6b504c99c32b1007a819ae98e4aa9ff4c3382c5b7435d54e728ffdc2f175a,2024-03-04T00:00:00,2026-08-15T12:00:00
700065,,ca35865aadd320b97714f72fb517c9af,53e23280681d06412d00f92a5603a5597f2ab52b220ace6fdd1718f0eb110dbc,2023-09-16T00:00:00,2026-08-15T12:00:00
700066,,8ccc265db2ebabf568ed4091af5faf78,dc363b310a6b67b6ac7b00ab3e39eac4cddceedbdc68cfada4ce8df3cd3cdf57,2024-07-19T00:00:00,2026-08-15T12:00:00
700067,,d2acd713083556fc106407ec9caba168,75bf5899cc271f068f94de4240e6e889c93dfc8ab3bde5b0ce419d664cbe8339,2024-09-26T00:00:00,2026-08-15T12:00:00
700068,,ced37ef5b9cac2839c251f868b359bd8,f4b94d4dd87e3bb9ad11cbf297a26370d0bd8cdb66f3cbcb76cc1aa598ddd9dd,2025-02-26T00:00:00,2026-08-15T12:00:00
700069,,2fdf89f5f369a02c86926311fec6a16b,9b1b9b3398d6c5b13b93f15b785be874802dfdc5c883b110cd76613fb205dc95,2023-05-08T00:00:00,2026-08-15T12:00:00
700070,,df10e8472beaf3d0d3d35fbcc7431d56,6a948a74aefcf3fef485dd9ce2627645f06bc17baeb1ee7066f2b87116e23840,2024-04-18T00:00:00,2026-08-15T12:00:00
700071,,92622c214fb5ba407ef6c816e438c616,c4a7a4433f98957b202845f2f61ffd84736358d0fda9d84bcbd1fde6247f425a,2023-12-25T00:00:00,2026-08-15T12:00:00
700072,,8f9605be80b748b4efc42e3cb0690ab1,c465a7c021b4bae6f0a1be861ee32d681f41a8620122383c6bd870a30d0f0d55,2025-07-04T00:00:00,2026-08-15T12:00:00
700073,,4c017deda3fdc71341e19ba69e70dcfb,5fd2d8fd6903a21968fcdb2eeb2b9575cfba1f45cedd5a3f09fb36f97ae274cf,2023-10-27T00:00:00,2026-08-15T12:00:00
700074,,16f1d0153f3b8a2563db66d6107edb87,75499bf53d0032358f19f3dae2a545caf0f758ed1ac600bdacefc5ed0014d4c0,2023-06-02T00:00:00,2026-08-15T12:00:00
700075,,acc7b163e57517461bcc0c2f2aa9e7ba,19217cf0bf7fbef6a91672682fc5d8ef5d14a5994ba5701a7bd22626d7fe197b,2025-07-13T00:00:00,2026-08-15T12:00:00
700076,,18a57cd5b820a35f587b75dd521cae35,3a33e6610c5ca062eb37bdcfe07cfe641341c714c4758998492d84a8217d2516,2026-04-16T00:00:00,2026-08-15T12:00:00
700077,,4acc2f7e957ff723aeaaf7708c41d169,f7910e8cd9638bc2b7da4d8b0fa9d28b574959fa045ccab38060da857d503073,2023-09-16T00:00:00,2026-08-15T12:00:00
700078,,9b4df62c68cabf52e7bf58d4e787bf68,1bbbff3b47a4a83fe1862a803cce00f05adf5055214a242f045cf54205a29ca3,2024-01-22T00:00:00,2026-08-15T12:00:00
700079,,1aa99a682be468b457077db94a211d86,2811744f322b0c92dec024e49406fb17f1e964fd001eac9eef6ccf5b06c2ca34,2026-04-17T00:00:00,2026-08-15T12:00:00
700080,,347219e9f83b788020cf247cdb5a4ca1,8ec8331b54aa362d1c4f2a1d4e4ebc423375a93d636bd4e53f0013143c91294a,2024-06-16T00:00:00,2026-08-15T12:00:00
