session_id,web_user_id,session_start_utc,session_end_utc,source_channel,campaign_id,device_type,country_code,converted_order_id,created_at
1000001,700047,2025-08-23T04:30:18-04:00,2025-08-23T08:30:48+00:00,Direct,,mobile,US,,2026-08-15T12:00:00+00:00
1000002,700079,2025-07-20T07:58:52-04:00,2025-07-20T12:02:15+00:00,Affiliate,8008.0,mobile,US,,2026-08-15T12:00:00+00:00
1000003,700038,2025-07-15T00:27:05-04:00,2025-07-15T04:27:28+00:00,Direct,,mobile,US,,2026-08-15T12:00:00+00:00
1000004,700069,2025-01-18T08:50:55-05:00,2025-01-18T13:52:18+00:00,Paid Search,8003.0,desktop,US,,2026-08-15T12:00:00+00:00
1000005,700051,2025-08-30T15:57:32+00:00,2025-08-30T15:57:49+00:00,Social,8005.0,mobile,US,,2026-08-15T12:00:00+00:00
1000006,700059,2025-12-12T19:07:57+00:00,2025-12-12T19:10:34+00:00,Paid Search,,mobile,US,,2026-08-15T12:00:00+00:00
1000007,700005,2025-03-31T15:32:48+00:00,2025-03-31T15:34:30+00:00,Paid Search,8003.0,desktop,US,,2026-08-15T12:00:00+00:00
1000008,700029,2026-02-19T16:11:02+00:00,2026-02-19T16:11:18+00:00,Social,8004.0,desktop,US,,2026-08-15T12:00:00+00:00
1000009,700006,2026-04-02T13:59:14+00:00,2026-04-02T14:03:39+00:00,Social,8002.0,mobile,US,,2026-08-15T12:00:00+00:00
1000010,700061,2026-05-28T19:18:51+00:00,2026-05-28T19:19:31+00:00,Email,8006.0,mobile,US,,2026-08-15T12:00:00+00:00
1000011,700014,2025-03-09T09:51:12+00:00,2025-03-09T09:51:37+00:00,Email,8004.0,desktop,US,,2026-08-15T12:00:00+00:00
1000012,700057,2025-09-01T19:52:52+00:00,2025-09-01T19:53:54+00:00,Organic,,mobile,US,,2026-08-15T12:00:00+00:00
1000013,700039,2026-02-02T13:46:57+00:00,2026-02-02T13:48:00+00:00,Affiliate,8004.0,desktop,US,,2026-08-15T12:00:00+00:00
1000014,700032,2025-07-05T16:06:52+00:00,2025-07-05T16:07:57+00:00,Direct,,mobile,US,,2026-08-15T12:00:00+00:00
1000015,700025,2025-08-29T09:16:11+00:00,2025-08-29T09:17:09+00:00,Organic,,desktop,US,,2026-08-15T12:00:00+00:00
1000016,700073,2025-06-01T01:32:45+00:00,2025-06-01T01:35:49+00:00,Social,,mobile,US,,2026-08-15T12:00:00+00:00
1000017,700044,2026-01-16T09:54:01+00:00,2026-01-16T09:54:35+00:00,Email,8001.0,mobile,US,,2026-08-15T12:00:00+00:00
1000018,700006,2025-04-11T20:17:52+00:00,2025-04-11T20:22:44+00:00,Paid Search,,desktop,US,,2026-08-15T12:00:00+00:00
1000019,700069,2025-12-21T14:10:22+00:00,2025-12-21T14:10:52+00:00,Organic,,mobile,US,,2026-08-15T12:00:00+00:00
1000020,700046,2025-09-09T15:21:22+00:00,2025-09-09T15:21:44+00:00,Direct,,mobile,US,,2026-08-15T12:00:00+00:00
1000021,700035,2025-03-03T09:16:59+00:00,2025-03-03T09:17:54+00:00,Paid Search,8005.0,mobile,US,,2026-08-15T12:00:00+00:00
1000022,700007,2026-03-21T08:23:24+00:00,2026-03-21T08:24:26+00:00,Direct,,mobile,US,,2026-08-15T12:00:00+00:00
1000023,700003,2025-05-12T14:40:58+00:00,2025-05-12T14:42:36+00:00,Organic,,mobile,US,,2026-08-15T12:00:00+00:00
1000024,700021,2025-06-08T11:12:07+00:00,2025-06-08T11:15:10+00:00,Paid Search,8001.0,desktop,US,,2026-08-15T12:00:00+00:00
1000025,700078,2026-02-13T12:48:48+00:00,2026-02-13T12:50:09+00:00,Paid Search,,mobile,US,,2026-08-15T12:00:00+00:00
1000026,700030,2025-09-28T11:02:35+00:00,2025-09-28T11:03:57+00:00,Paid Search,8003.0,mobile,US,,2026-08-15T12:00:00+00:00
1000027,700016,2026-05-02T11:09:10+00:00,2026-05-02T11:12:26+00:00,Social,,mobile,US,,2026-08-15T12:00:00+00:00
1000028,700016,2026-06-07T09:29:18+00:00,2026-06-07T09:30:03+00:00,Social,,tablet,US,,2026-08-15T12:00:00+00:00
1000029,700055,2025-06-24T01:16:27+00:00,2025-06-24T01:18:40+00:00,Social,8003.0,mobile,US,,2026-08-15T12:00:00+00:00
1000030,700064,2025-03-02T03:01:03+00:00,2025-03-02T03:02:01+00:00,Social,8005.0,mobile,US,,2026-08-15T12:00:00+00:00
1000031,700012,2025-08-26T16:47:01+00:00,2025-08-26T16:48:35+00:00,Direct,,mobile,US,,2026-08-15T12:00:00+00:00
1000032,700028,2025-07-16T08:24:27+00:00,2025-07-16T08:25:13+00:00,Organic,,mobile,US,,2026-08-15T12:00:00+00:00
1000033,700024,2026-07-30T19:32:40+00:00,2026-07-30T19:34:25+00:00,Social,8004.0,mobile,US,,2026-08-15T12:00:00+00:00
1000034,700038,2025-03-18T22:28:34+00:00,2025-03-18T22:29:59+00:00,Affiliate,8004.0,desktop,US,,2026-08-15T12:00:00+00:00
1000035,700061,2026-01-15T22:10:01+00:00,2026-01-15T22:10:26+00:00,Direct,,desktop,US,,2026-08-15T12:00:00+00:00
1000036,700016,2025-08-03T05:30:34+00:00,2025-08-03T05:30:58+00:00,Social,8006.0,mobile,US,,2026-08-15T12:00:00+00:00
1000037,700073,2026-06-06T13:38:37+00:00,2026-06-06T13:39:09+00:00,Social,8004.0,mobile,US,,2026-08-15T12:00:00+00:00
1000038,700063,2025-08-03T23:53:55+00:00,2025-08-03T23:56:02+00:00,Paid Search,8002.0,mobile,US,,2026-08-15T12:00:00+00:00
1000039,700072,2026-06-19T06:08:46+00:00,2026-06-19T06:11:32+00:00,Social,,mobile,US,,2026-08-15T12:00:00+00:00
1000040,700067,2025-10-01T11:09:11+00:00,2025-10-01T11:14:55+00:00,Affiliate,,mobile,US,,2026-08-15T12:00:00+00:00
1000041,700076,2025-03-11T02:17:53+00:00,2025-03-11T02:19:42+00:00,Organic,,desktop,US,,2026-08-15T12:00:00+00:00
1000042,700044,2025-05-11T02:38:48+00:00,2025-05-11T02:40:19+00:00,Organic,,mobile,US,,2026-08-15T12:00:00+00:00
1000043,700007,2026-01-19T12:35:24+00:00,2026-01-19T12:36:08+00:00,Email,8002.0,mobile,US,,2026-08-15T12:00:00+00:00
1000044,700005,2025-06-22T02:11:08+00:00,2025-06-22T02:12:10+00:00,Direct,,tablet,US,,2026-08-15T12:00:00+00:00
1000045,700026,2025-06-23T03:33:48+00:00,2025-06-23T03:34:43+00:00,Paid Search,8006.0,mobile,US,,2026-08-15T12:00:00+00:00
1000046,700005,2025-02-13T07:42:19+00:00,2025-02-13T07:44:01+00:00,Direct,,mobile,US,,2026-08-15T12:00:00+00:00
1000047,700043,2025-11-19T19:55:34+00:00,2025-11-19T19:58:45+00:00,Email,8002.0,desktop,US,,2026-08-15T12:00:00+00:00
1000048,700026,2025-08-11T21:18:43+00:00,2025-08-11T21:21:25+00:00,Email,8008.0,mobile,US,,2026-08-15T12:00:00+00:00
1000049,700064,2025-06-14T15:50:07+00:00,2025-06-14T15:51:53+00:00,Paid Search,8003.0,desktop,US,,2026-08-15T12:00:00+00:00
1000050,700079,2025-07-14T15:05:27+00:00,2025-07-14T15:09:04+00:00,Direct,,mobile,US,,2026-08-15T12:00:00+00:00
1000051,700070,2025-11-15T06:29:49+00:00,2025-11-15T06:32:46+00:00,Social,8007.0,tablet,US,,2026-08-15T12:00:00+00:00
1000052,700007,2026-02-27T10:07:11+00:00,2026-02-27T10:09:07+00:00,Direct,,mobile,US,,2026-08-15T12:00:00+00:00
1000053,700024,2025-04-25T15:10:16+00:00,2025-04-25T15:11:27+00:00,Paid Search,8007.0,mobile,US,,2026-08-15T12:00:00+00:00
1000054,700043,2025-08-04T12:06:27+00:00,2025-08-04T12:07:28+00:00,Social,8007.0,desktop,US,,2026-08-15T12:00:00+00:00
1000055,700065,2025-01-01T22:36:58+00:00,2025-01-01T22:39:19+00:00,Affiliate,8003.0,mobile,US,,2026-08-15T12:00:00+00:00
1000056,700062,2026-01-04T19:49:11+00:00,2026-01-04T19:49:41+00:00,Direct,,desktop,US,,2026-08-15T12:00:00+00:00
1000057,700017,2026-06-13T21:57:44+00:00,2026-06-13T21:59:11+00:00,Email,8007.0,desktop,US,,2026-08-15T12:00:00+00:00
1000058,700042,2026-06-20T14:03:24+00:00,2026-06-20T14:03:49+00:00,Social,8008.0,mobile,US,,2026-08-15T12:00:00+00:00
1000059,700009,2025-09-29T08:28:36+00:00,2025-09-29T08:30:39+00:00,Paid Search,,desktop,US,,2026-08-15T12:00:00+00:00
1000060,700052,2025-06-15T11:04:48+00:00,2025-06-15T11:05:48+00:00,Organic,,mobile,US,,2026-08-15T12:00:00+00:00
1000061,700002,2025-08-10T06:28:15+00:00,2025-08-10T06:29:01+00:00,Paid Search,8001.0,mobile,US,9000006.0,2026-08-15T12:00:00+00:00
1000062,700031,2025-01-04T04:16:24+00:00,2025-01-04T04:19:39+00:00,Email,8003.0,desktop,US,,2026-08-15T12:00:00+00:00
1000063,700027,2025-02-10T15:09:26+00:00,2025-02-10T15:11:00+00:00,Social,,mobile,US,,2026-08-15T12:00:00+00:00
1000064,700056,2025-02-01T21:49:35+00:00,2025-02-01T21:50:02+00:00,Organic,,desktop,US,,2026-08-15T12:00:00+00:00
1000065,700026,2025-04-21T12:42:59+00:00,2025-04-21T12:44:12+00:00,Organic,,desktop,US,,2026-08-15T12:00:00+00:00
1000066,700047,2026-04-18T02:23:25+00:00,2026-04-18T02:24:35+00:00,Paid Search,8001.0,mobile,US,,2026-08-15T12:00:00+00:00
1000067,700074,2026-04-03T13:21:50+00:00,2026-04-03T13:22:20+00:00,Organic,,mobile,US,,2026-08-15T12:00:00+00:00
1000068,700036,2026-06-23T09:26:21+00:00,2026-06-23T09:26:41+00:00,Paid Search,8005.0,desktop,US,,2026-08-15T12:00:00+00:00
1000069,700079,2025-05-24T14:32:26+00:00,2025-05-24T14:34:03+00:00,Paid Search,8006.0,mobile,US,,2026-08-15T12:00:00+00:00
1000070,700009,2025-04-05T11:31:39+00:00,2025-04-05T11:33:37+00:00,Direct,,desktop,US,,2026-08-15T12:00:00+00:00
1000071,700071,2025-01-09T00:31:24+00:00,2025-01-09T00:33:28+00:00,Direct,,desktop,US,,2026-08-15T12:00:00+00:00
1000072,700027,2026-07-27T06:17:22+00:00,2026-07-27T06:22:20+00:00,Paid Search,8008.0,mobile,US,,2026-08-15T12:00:00+00:00
1000073,700031,2025-10-24T05:56:05+00:00,2025-10-24T05:56:39+00:00,Affiliate,8005.0,mobile,US,,2026-08-15T12:00:00+00:00
1000074,700037,2025-07-08T22:58:53+00:00,2025-07-08T23:00:18+00:00,Affiliate,8006.0,desktop,US,,2026-08-15T12:00:00+00:00
1000075,700015,2026-07-10T03:00:36+00:00,2026-07-10T03:02:04+00:00,Social,8005.0,mobile,US,,2026-08-15T12:00:00+00:00
1000076,700079,2026-04-13T21:37:51+00:00,2026-04-13T21:38:26+00:00,Social,,mobile,US,,2026-08-15T12:00:00+00:00
1000077,700028,2025-10-14T12:29:18+00:00,2025-10-14T12:30:19+00:00,Organic,,desktop,US,,2026-08-15T12:00:00+00:00
1000078,700070,2025-04-07T06:22:25+00:00,2025-04-07T06:25:52+00:00,Email,8007.0,mobile,US,,2026-08-15T12:00:00+00:00
1000079,700074,2025-03-19T23:00:59+00:00,2025-03-19T23:01:32+00:00,Direct,,tablet,US,,2026-08-15T12:00:00+00:00
1000080,700002,2025-10-30T04:43:24+00:00,2025-10-30T04:43:51+00:00,Social,,mobile,US,,2026-08-15T12:00:00+00:00
1000081,700078,2025-11-02T04:09:36+00:00,2025-11-02T04:10:18+00:00,Paid Search,8005.0,desktop,US,,2026-08-15T12:00:00+00:00
1000082,700026,2026-03-09T04:36:50+00:00,2026-03-09T04:37:11+00:00,Paid Search,,desktop,US,,2026-08-15T12:00:00+00:00
1000083,700037,2025-10-17T18:18:10+00:00,2025-10-17T18:19:38+00:00,Direct,,mobile,US,,2026-08-15T12:00:00+00:00
1000084,700045,2026-07-03T12:46:19+00:00,2026-07-03T12:46:43+00:00,Paid Search,8007.0,desktop,US,,2026-08-15T12:00:00+00:00
1000085,700001,2025-11-04T23:17:44+00:00,2025-11-04T23:18:53+00:00,Affiliate,8008.0,mobile,US,,2026-08-15T12:00:00+00:00
1000086,700053,2025-06-22T02:16:44+00:00,2025-06-22T02:17:41+00:00,Organic,,mobile,US,,2026-08-15T12:00:00+00:00
1000087,700061,2026-02-13T08:35:50+00:00,2026-02-13T08:38:13+00:00,Organic,,mobile,US,,2026-08-15T12:00:00+00:00
1000088,700048,2025-10-13T14:08:30+00:00,2025-10-13T14:09:03+00:00,Email,8008.0,mobile,US,9000186.0,2026-08-15T12:00:00+00:00
1000089,700026,2026-02-15T19:40:16+00:00,2026-02-15T19:41:45+00:00,Organic,,desktop,US,,2026-08-15T12:00:00+00:00
1000090,700055,2025-12-04T05:33:48+00:00,2025-12-04T05:34:19+00:00,Organic,,desktop,US,,2026-08-15T12:00:00+00:00
1000091,700062,2025-05-23T01:05:36+00:00,2025-05-23T01:07:39+00:00,Email,8004.0,desktop,US,9000191.0,2026-08-15T12:00:00+00:00
1000092,700021,2026-03-22T09:35:45+00:00,2026-03-22T09:38:13+00:00,Social,8004.0,tablet,US,,2026-08-15T12:00:00+00:00
1000093,700027,2025-02-22T11:23:34+00:00,2025-02-22T11:26:07+00:00,Organic,,desktop,US,,2026-08-15T12:00:00+00:00
1000094,700034,2026-06-03T13:52:44+00:00,2026-06-03T13:53:54+00:00,Direct,,mobile,US,,2026-08-15T12:00:00+00:00
1000095,700036,2025-08-20T14:49:34+00:00,2025-08-20T14:50:18+00:00,Organic,,mobile,US,,2026-08-15T12:00:00+00:00
1000096,700012,2025-12-08T11:03:24+00:00,2025-12-08T11:06:15+00:00,Social,8008.0,desktop,US,,2026-08-15T12:00:00+00:00
1000097,700064,2025-09-05T17:53:00+00:00,2025-09-05T17:54:47+00:00,Direct,,mobile,US,,2026-08-15T12:00:00+00:00
1000098,700039,2026-06-06T04:12:54+00:00,2026-06-06T04:16:03+00:00,Email,8003.0,mobile,US,,2026-08-15T12:00:00+00:00
1000099,700042,2026-05-30T16:17:49+00:00,2026-05-30T16:20:33+00:00,Email,8007.0,desktop,US,,2026-08-15T12:00:00+00:00
1000100,700014,2026-06-09T16:39:40+00:00,2026-06-09T16:40:06+00:00,Email,,tablet,US,,2026-08-15T12:00:00+00:00
1000101,700037,2025-11-20T14:37:14+00:00,2025-11-20T14:38:58+00:00,Social,8005.0,desktop,US,,2026-08-15T12:00:00+00:00
1000102,700059,2025-02-01T16:28:34+00:00,2025-02-01T16:29:31+00:00,Direct,,tablet,US,,2026-08-15T12:00:00+00:00
1000103,700070,2025-06-25T07:14:30+00:00,2025-06-25T07:15:52+00:00,Paid Search,8004.0,mobile,US,,2026-08-15T12:00:00+00:00
1000104,700006,2026-03-19T15:27:37+00:00,2026-03-19T15:29:28+00:00,Organic,,mobile,US,,2026-08-15T12:00:00+00:00
1000105,700026,2025-11-06T05:11:37+00:00,2025-11-06T05:13:40+00:00,Social,8003.0,mobile,US,,2026-08-15T12:00:00+00:00
1000106,700027,2026-04-02T21:16:19+00:00,2026-04-02T21:18:24+00:00,Organic,,mobile,US,,2026-08-15T12:00:00+00:00
1000107,700015,2026-02-14T07:53:58+00:00,2026-02-14T07:54:55+00:00,Social,,mobile,US,,2026-08-15T12:00:00+00:00
1000108,700030,2025-10-05T23:05:58+00:00,2025-10-05T23:07:01+00:00,Paid Search,8001.0,mobile,US,,2026-08-15T12:00:00+00:00
1000109,700040,2025-09-17T11:23:45+00:00,2025-09-17T11:24:06+00:00,Direct,,mobile,US,,2026-08-15T12:00:00+00:00
1000110,700009,2026-07-10T18:12:26+00:00,2026-07-10T18:13:26+00:00,Affiliate,,mobile,US,,2026-08-15T12:00:00+00:00
1000111,700066,2026-04-21T22:18:35+00:00,2026-04-21T22:19:22+00:00,Organic,,desktop,US,,2026-08-15T12:00:00+00:00
1000112,700032,2025-11-06T07:11:38+00:00,2025-11-06T07:16:05+00:00,Organic,,mobile,US,,2026-08-15T12:00:00+00:00
1000113,700046,2025-05-07T22:33:13+00:00,2025-05-07T22:33:31+00:00,Social,8002.0,mobile,US,,2026-08-15T12:00:00+00:00
1000114,700072,2025-07-02T22:10:07+00:00,2025-07-02T22:12:23+00:00,Social,8008.0,desktop,US,,2026-08-15T12:00:00+00:00
1000115,700023,2026-03-04T09:27:16+00:00,2026-03-04T09:27:39+00:00,Organic,,tablet,US,,2026-08-15T12:00:00+00:00
1000116,700013,2025-07-14T07:22:32+00:00,2025-07-14T07:24:17+00:00,Email,8006.0,mobile,US,,2026-08-15T12:00:00+00:00
1000117,700064,2025-05-23T02:14:00+00:00,2025-05-23T02:14:41+00:00,Direct,,desktop,US,,2026-08-15T12:00:00+00:00
1000118,700073,2025-08-07T02:25:30+00:00,2025-08-07T02:26:03+00:00,Direct,,desktop,US,,2026-08-15T12:00:00+00:00
1000119,700030,2025-09-13T19:06:19+00:00,2025-09-13T19:08:23+00:00,Direct,,desktop,US,,2026-08-15T12:00:00+00:00
1000120,700049,2026-01-26T21:01:24+00:00,2026-01-26T21:02:38+00:00,Social,8005.0,mobile,US,,2026-08-15T12:00:00+00:00
1000121,700021,2026-02-20T07:03:00+00:00,2026-02-20T07:10:26+00:00,Direct,,mobile,US,,2026-08-15T12:00:00+00:00
1000122,700026,2026-06-24T03:31:08+00:00,2026-06-24T03:33:51+00:00,Paid Search,,mobile,US,,2026-08-15T12:00:00+00:00
1000123,700029,2025-12-06T12:54:00+00:00,2025-12-06T12:54:41+00:00,Affiliate,,mobile,US,,2026-08-15T12:00:00+00:00
1000124,700063,2025-06-24T14:33:28+00:00,2025-06-24T14:35:13+00:00,Paid Search,,mobile,US,,2026-08-15T12:00:00+00:00
1000125,700067,2026-04-16T08:43:11+00:00,2026-04-16T08:43:39+00:00,Affiliate,8006.0,mobile,US,,2026-08-15T12:00:00+00:00
1000126,700039,2026-01-23T19:53:44+00:00,2026-01-23T19:54:41+00:00,Organic,,mobile,US,,2026-08-15T12:00:00+00:00
1000127,700045,2025-04-15T20:14:04+00:00,2025-04-15T20:15:03+00:00,Paid Search,8002.0,mobile,US,,2026-08-15T12:00:00+00:00
1000128,700043,2025-07-31T11:11:53+00:00,2025-07-31T11:15:14+00:00,Organic,,desktop,US,,2026-08-15T12:00:00+00:00
1000129,700009,2026-05-14T03:38:47+00:00,2026-05-14T03:40:05+00:00,Paid Search,,desktop,US,,2026-08-15T12:00:00+00:00
1000130,700068,2025-08-04T07:59:54+00:00,2025-08-04T08:01:40+00:00,Organic,,desktop,US,,2026-08-15T12:00:00+00:00
1000131,700079,2026-04-10T10:47:38+00:00,2026-04-10T10:50:53+00:00,Direct,,mobile,US,,2026-08-15T12:00:00+00:00
1000132,700054,2025-08-12T00:05:37+00:00,2025-08-12T00:07:28+00:00,Organic,,desktop,US,,2026-08-15T12:00:00+00:00
1000133,700053,2026-07-03T15:56:06+00:00,2026-07-03T15:57:38+00:00,Paid Search,8008.0,tablet,US,,2026-08-15T12:00:00+00:00
1000134,700080,2025-07-20T01:17:54+00:00,2025-07-20T01:18:11+00:00,Direct,,mobile,US,,2026-08-15T12:00:00+00:00
1000135,700003,2025-01-06T08:07:49+00:00,2025-01-06T08:08:15+00:00,Email,8002.0,mobile,US,,2026-08-15T12:00:00+00:00
1000136,700014,2025-10-05T07:52:02+00:00,2025-10-05T07:52:29+00:00,Direct,,mobile,US,,2026-08-15T12:00:00+00:00
1000137,700021,2026-04-19T04:48:04+00:00,2026-04-19T04:51:02+00:00,Direct,,mobile,US,,2026-08-15T12:00:00+00:00
1000138,700076,2025-03-20T07:28:48+00:00,2025-03-20T07:30:27+00:00,Social,8006.0,mobile,US,,2026-08-15T12:00:00+00:00
1000139,700033,2026-07-06T14:01:11+00:00,2026-07-06T14:02:06+00:00,Direct,,tablet,US,,2026-08-15T12:00:00+00:00
1000140,700011,2025-10-17T04:07:45+00:00,2025-10-17T04:08:50+00:00,Social,8003.0,desktop,US,,2026-08-15T12:00:00+00:00
1000141,700019,2026-03-01T03:09:15+00:00,2026-03-01T03:10:23+00:00,Social,,mobile,US,,2026-08-15T12:00:00+00:00
1000142,700065,2026-01-08T20:49:56+00:00,2026-01-08T20:50:43+00:00,Social,,desktop,US,,2026-08-15T12:00:00+00:00
1000143,700041,2025-09-29T12:07:55+00:00,2025-09-29T12:08:05+00:00,Organic,,mobile,US,,2026-08-15T12:00:00+00:00
1000144,700016,2025-04-25T05:12:16+00:00,2025-04-25T05:13:32+00:00,Affiliate,,desktop,US,,2026-08-15T12:00:00+00:00
1000145,700047,2026-03-13T00:34:23+00:00,2026-03-13T00:34:35+00:00,Affiliate,8003.0,mobile,US,,2026-08-15T12:00:00+00:00
1000146,700060,2025-04-24T04:10:39+00:00,2025-04-24T04:12:38+00:00,Direct,,mobile,US,,2026-08-15T12:00:00+00:00
1000147,700080,2025-11-18T11:24:48+00:00,2025-11-18T11:26:32+00:00,Affiliate,8003.0,desktop,US,,2026-08-15T12:00:00+00:00
1000148,700058,2026-02-14T07:51:25+00:00,2026-02-14T07:52:51+00:00,Direct,,mobile,US,,2026-08-15T12:00:00+00:00
1000149,700042,2025-08-12T22:17:37+00:00,2025-08-12T22:18:46+00:00,Social,8006.0,mobile,US,,2026-08-15T12:00:00+00:00
1000150,700043,2025-08-02T04:45:35+00:00,2025-08-02T04:52:37+00:00,Organic,,mobile,US,,2026-08-15T12:00:00+00:00
1000151,700035,2025-05-07T03:03:39+00:00,2025-05-07T03:04:04+00:00,Paid Search,8007.0,mobile,US,,2026-08-15T12:00:00+00:00
1000152,700051,2025-06-08T04:26:17+00:00,2025-06-08T04:27:09+00:00,Affiliate,8001.0,desktop,US,,2026-08-15T12:00:00+00:00
1000153,700024,2025-06-15T23:19:18+00:00,2025-06-15T23:22:54+00:00,Social,8007.0,tablet,US,,2026-08-15T12:00:00+00:00
1000154,700039,2026-01-06T19:06:02+00:00,2026-01-06T19:07:03+00:00,Email,8005.0,mobile,US,9000085.0,2026-08-15T12:00:00+00:00
1000155,700055,2026-06-10T08:28:35+00:00,2026-06-10T08:29:47+00:00,Affiliate,8008.0,desktop,US,,2026-08-15T12:00:00+00:00
1000156,700058,2026-04-16T06:37:35+00:00,2026-04-16T06:38:17+00:00,Email,8003.0,mobile,US,,2026-08-15T12:00:00+00:00
1000157,700040,2026-02-10T08:42:27+00:00,2026-02-10T08:48:36+00:00,Paid Search,8003.0,desktop,US,,2026-08-15T12:00:00+00:00
1000158,700080,2026-02-06T03:02:24+00:00,2026-02-06T03:03:04+00:00,Email,8004.0,mobile,US,,2026-08-15T12:00:00+00:00
1000159,700045,2025-06-28T10:01:34+00:00,2025-06-28T10:02:31+00:00,Direct,,mobile,US,,2026-08-15T12:00:00+00:00
1000160,700065,2025-05-29T03:09:58+00:00,2025-05-29T03:12:28+00:00,Paid Search,8005.0,desktop,US,,2026-08-15T12:00:00+00:00
1000161,700026,2025-07-23T23:29:23+00:00,2025-07-23T23:30:40+00:00,Social,8003.0,mobile,US,,2026-08-15T12:00:00+00:00
1000162,700064,2025-07-12T05:08:08+00:00,2025-07-12T05:08:47+00:00,Email,8004.0,mobile,US,,2026-08-15T12:00:00+00:00
1000163,700016,2025-02-20T23:47:07+00:00,2025-02-20T23:48:41+00:00,Social,,desktop,US,,2026-08-15T12:00:00+00:00
1000164,700011,2025-06-07T13:17:36+00:00,2025-06-07T13:19:26+00:00,Social,,mobile,US,,2026-08-15T12:00:00+00:00
1000165,700025,2025-03-24T00:25:45+00:00,2025-03-24T00:27:01+00:00,Direct,,desktop,US,,2026-08-15T12:00:00+00:00
1000166,700035,2026-03-06T03:54:16+00:00,2026-03-06T03:56:12+00:00,Email,8006.0,desktop,US,,2026-08-15T12:00:00+00:00
1000167,700055,2025-12-25T20:11:33+00:00,2025-12-25T20:23:44+00:00,Social,8006.0,desktop,US,,2026-08-15T12:00:00+00:00
1000168,700035,2025-11-14T11:24:33+00:00,2025-11-14T11:25:09+00:00,Direct,,mobile,US,,2026-08-15T12:00:00+00:00
1000169,700030,2026-02-12T22:46:42+00:00,2026-02-12T22:48:08+00:00,Social,8008.0,desktop,US,,2026-08-15T12:00:00+00:00
1000170,700064,2026-06-26T00:01:22+00:00,2026-06-26T00:01:51+00:00,Organic,,mobile,US,,2026-08-15T12:00:00+00:00
1000171,700005,2025-07-14T21:21:42+00:00,2025-07-14T21:22:45+00:00,Social,8006.0,mobile,US,,2026-08-15T12:00:00+00:00
1000172,700012,2026-06-02T23:06:36+00:00,2026-06-02T23:08:47+00:00,Social,,mobile,US,,2026-08-15T12:00:00+00:00
1000173,700042,2026-02-06T15:21:57+00:00,2026-02-06T15:22:26+00:00,Social,8001.0,desktop,US,,2026-08-15T12:00:00+00:00
1000174,700058,2026-01-31T03:02:00+00:00,2026-01-31T03:03:43+00:00,Paid Search,8003.0,desktop,US,,2026-08-15T12:00:00+00:00
1000175,700078,2025-06-01T17:03:19+00:00,2025-06-01T17:03:41+00:00,Social,8008.0,mobile,US,,2026-08-15T12:00:00+00:00
1000176,700016,2026-05-28T16:56:51+00:00,2026-05-28T16:59:28+00:00,Organic,,desktop,US,,2026-08-15T12:00:00+00:00
1000177,700049,2026-06-19T06:03:45+00:00,2026-06-19T06:05:50+00:00,Direct,,mobile,US,,2026-08-15T12:00:00+00:00
1000178,700033,2025-05-04T23:32:13+00:00,2025-05-04T23:34:53+00:00,Social,,mobile,US,,2026-08-15T12:00:00+00:00
1000179,700053,2025-02-15T03:18:26+00:00,2025-02-15T03:18:54+00:00,Organic,,mobile,US,,2026-08-15T12:00:00+00:00
1000180,700025,2025-03-18T23:03:06+00:00,2025-03-18T23:03:42+00:00,Organic,,mobile,US,,2026-08-15T12:00:00+00:00
1000181,700051,2025-02-24T01:01:28+00:00,2025-02-24T01:03:09+00:00,Email,,mobile,US,,2026-08-15T12:00:00+00:00
1000182,700067,2025-09-10T12:40:15+00:00,2025-09-10T12:40:37+00:00,Social,8008.0,mobile,US,,2026-08-15T12:00:00+00:00
1000183,700078,2025-04-13T02:10:39+00:00,2025-04-13T02:12:02+00:00,Social,,mobile,US,,2026-08-15T12:00:00+00:00
1000184,700043,2025-11-17T21:25:02+00:00,2025-11-17T21:25:42+00:00,Organic,,mobile,US,,2026-08-15T12:00:00+00:00
1000185,700074,2025-04-03T08:47:49+00:00,2025-04-03T08:48:45+00:00,Paid Search,,desktop,US,,2026-08-15T12:00:00+00:00
1000186,700023,2025-06-28T01:35:30+00:00,2025-06-28T01:35:50+00:00,Affiliate,8006.0,mobile,US,,2026-08-15T12:00:00+00:00
1000187,700021,2025-09-10T04:29:56+00:00,2025-09-10T04:31:01+00:00,Social,,mobile,US,,2026-08-15T12:00:00+00:00
1000188,700017,2026-05-06T07:42:58+00:00,2026-05-06T07:43:36+00:00,Paid Search,8007.0,desktop,US,,2026-08-15T12:00:00+00:00
1000189,700015,2025-05-12T06:45:41+00:00,2025-05-12T06:46:16+00:00,Direct,,mobile,US,,2026-08-15T12:00:00+00:00
1000190,700005,2025-04-01T14:29:17+00:00,2025-04-01T14:29:42+00:00,Social,8006.0,desktop,US,,2026-08-15T12:00:00+00:00
1000191,700061,2025-06-17T20:47:12+00:00,2025-06-17T20:47:48+00:00,Email,,mobile,US,,2026-08-15T12:00:00+00:00
1000192,700066,2025-03-10T00:39:44+00:00,2025-03-10T00:40:01+00:00,Affiliate,,mobile,US,,2026-08-15T12:00:00+00:00
1000193,700079,2025-01-23T19:08:31+00:00,2025-01-23T19:08:49+00:00,Social,8003.0,mobile,US,,2026-08-15T12:00:00+00:00
1000194,700055,2025-10-14T06:26:21+00:00,2025-10-14T06:27:42+00:00,Affiliate,8001.0,mobile,US,9000115.0,2026-08-15T12:00:00+00:00
1000195,700030,2025-05-01T14:21:01+00:00,2025-05-01T14:23:03+00:00,Social,,desktop,US,,2026-08-15T12:00:00+00:00
1000196,700058,2025-06-07T16:36:04+00:00,2025-06-07T16:38:53+00:00,Organic,,mobile,US,,2026-08-15T12:00:00+00:00
1000197,700076,2026-05-02T17:53:00+00:00,2026-05-02T17:55:22+00:00,Paid Search,8006.0,desktop,US,,2026-08-15T12:00:00+00:00
1000198,700061,2025-12-21T06:05:54+00:00,2025-12-21T06:06:12+00:00,Direct,,mobile,US,,2026-08-15T12:00:00+00:00
1000199,700046,2025-09-28T01:17:16+00:00,2025-09-28T01:18:49+00:00,Organic,,mobile,US,,2026-08-15T12:00:00+00:00
1000200,700007,2025-05-07T16:26:43+00:00,2025-05-07T16:27:05+00:00,Organic,,mobile,US,,2026-08-15T12:00:00+00:00
1000201,700029,2026-04-28T02:43:46+00:00,2026-04-28T02:44:30+00:00,Affiliate,8002.0,mobile,US,,2026-08-15T12:00:00+00:00
1000202,700029,2025-05-15T14:23:25+00:00,2025-05-15T14:25:39+00:00,Organic,,desktop,US,,2026-08-15T12:00:00+00:00
1000203,700072,2025-11-16T18:15:49+00:00,2025-11-16T18:16:04+00:00,Organic,,tablet,US,,2026-08-15T12:00:00+00:00
1000204,700039,2025-03-14T23:44:58+00:00,2025-03-14T23:45:38+00:00,Organic,,desktop,US,,2026-08-15T12:00:00+00:00
1000205,700016,2025-02-12T10:34:29+00:00,2025-02-12T10:34:59+00:00,Email,8003.0,desktop,US,,2026-08-15T12:00:00+00:00
1000206,700034,2025-05-05T18:51:18+00:00,2025-05-05T18:51:53+00:00,Social,8008.0,desktop,US,,2026-08-15T12:00:00+00:00
1000207,700080,2025-12-27T12:19:11+00:00,2025-12-27T12:20:33+00:00,Direct,,desktop,US,,2026-08-15T12:00:00+00:00
1000208,700010,2025-06-12T01:41:38+00:00,2025-06-12T01:42:34+00:00,Social,8002.0,mobile,US,,2026-08-15T12:00:00+00:00
1000209,700004,2025-04-23T03:23:25+00:00,2025-04-23T03:23:52+00:00,Paid Search,8008.0,mobile,US,,2026-08-15T12:00:00+00:00
1000210,700061,2025-07-08T08:46:00+00:00,2025-07-08T08:46:26+00:00,Paid Search,8008.0,mobile,US,,2026-08-15T12:00:00+00:00
1000211,700062,2025-02-23T23:40:00+00:00,2025-02-23T23:40:07+00:00,Email,8002.0,mobile,US,,2026-08-15T12:00:00+00:00
1000212,700079,2026-05-05T05:03:56+00:00,2026-05-05T05:05:18+00:00,Direct,,desktop,US,,2026-08-15T12:00:00+00:00
1000213,700019,2025-10-30T00:38:38+00:00,2025-10-30T00:40:32+00:00,Direct,,desktop,US,,2026-08-15T12:00:00+00:00
1000214,700059,2026-06-26T01:13:56+00:00,2026-06-26T01:18:08+00:00,Organic,,desktop,US,,2026-08-15T12:00:00+00:00
1000215,700053,2026-06-17T23:38:21+00:00,2026-06-17T23:39:25+00:00,Email,8006.0,mobile,US,,2026-08-15T12:00:00+00:00
1000216,700068,2025-12-22T16:05:51+00:00,2025-12-22T16:07:02+00:00,Paid Search,8005.0,mobile,US,,2026-08-15T12:00:00+00:00
1000217,700076,2025-06-22T16:03:10+00:00,2025-06-22T16:04:28+00:00,Paid Search,8003.0,mobile,US,,2026-08-15T12:00:00+00:00
1000218,700066,2025-11-25T13:28:32+00:00,2025-11-25T13:31:05+00:00,Direct,,tablet,US,,2026-08-15T12:00:00+00:00
1000219,700057,2026-04-24T03:11:57+00:00,2026-04-24T03:13:38+00:00,Paid Search,,desktop,US,,2026-08-15T12:00:00+00:00
1000220,700035,2025-11-04T05:34:30+00:00,2025-11-04T05:34:52+00:00,Social,8002.0,mobile,US,,2026-08-15T12:00:00+00:00
1000221,700017,2026-04-09T16:10:43+00:00,2026-04-09T16:12:45+00:00,Paid Search,8008.0,mobile,US,9000047.0,2026-08-15T12:00:00+00:00
1000222,700050,2025-02-11T10:43:25+00:00,2025-02-11T10:45:01+00:00,Email,8008.0,desktop,US,,2026-08-15T12:00:00+00:00
1000223,700036,2025-08-11T10:37:33+00:00,2025-08-11T10:45:39+00:00,Paid Search,8005.0,mobile,US,,2026-08-15T12:00:00+00:00
1000224,700080,2025-12-05T12:33:49+00:00,2025-12-05T12:34:40+00:00,Affiliate,8007.0,mobile,US,,2026-08-15T12:00:00+00:00
1000225,700030,2026-03-12T22:38:31+00:00,2026-03-12T22:39:16+00:00,Direct,,mobile,US,,2026-08-15T12:00:00+00:00
1000226,700050,2026-05-05T09:17:45+00:00,2026-05-05T09:19:10+00:00,Direct,,mobile,US,,2026-08-15T12:00:00+00:00
1000227,700080,2025-03-18T11:38:54+00:00,2025-03-18T11:39:09+00:00,Affiliate,8007.0,desktop,US,,2026-08-15T12:00:00+00:00
1000228,700005,2026-07-28T06:39:57+00:00,2026-07-28T06:45:03+00:00,Paid Search,8002.0,mobile,US,,2026-08-15T12:00:00+00:00
1000229,700010,2026-04-20T08:00:52+00:00,2026-04-20T08:02:53+00:00,Social,8004.0,mobile,US,,2026-08-15T12:00:00+00:00
1000230,700030,2025-01-24T12:05:17+00:00,2025-01-24T12:05:50+00:00,Organic,,desktop,US,,2026-08-15T12:00:00+00:00
1000231,700016,2025-01-14T15:11:49+00:00,2025-01-14T15:13:12+00:00,Direct,,mobile,US,,2026-08-15T12:00:00+00:00
1000232,700031,2026-05-24T20:50:05+00:00,2026-05-24T20:52:19+00:00,Social,8001.0,mobile,US,,2026-08-15T12:00:00+00:00
1000233,700016,2026-02-05T18:48:20+00:00,2026-02-05T18:49:22+00:00,Social,,desktop,US,,2026-08-15T12:00:00+00:00
1000234,700025,2025-06-26T22:29:15+00:00,2025-06-26T22:30:01+00:00,Organic,,desktop,US,,2026-08-15T12:00:00+00:00
1000235,700036,2026-04-24T11:25:33+00:00,2026-04-24T11:26:26+00:00,Email,8004.0,mobile,US,,2026-08-15T12:00:00+00:00
1000236,700062,2025-03-21T14:15:21+00:00,2025-03-21T14:16:53+00:00,Social,8007.0,mobile,US,,2026-08-15T12:00:00+00:00
1000237,700071,2025-08-15T21:53:55+00:00,2025-08-15T21:54:28+00:00,Direct,,mobile,US,,2026-08-15T12:00:00+00:00
1000238,700062,2025-05-29T16:10:04+00:00,2025-05-29T16:10:28+00:00,Affiliate,8006.0,desktop,US,,2026-08-15T12:00:00+00:00
1000239,700076,2025-08-21T23:06:16+00:00,2025-08-21T23:07:44+00:00,Email,8004.0,desktop,US,,2026-08-15T12:00:00+00:00
1000240,700011,2025-06-15T01:04:13+00:00,2025-06-15T01:04:46+00:00,Organic,,mobile,US,,2026-08-15T12:00:00+00:00
1000241,700047,2025-03-30T12:43:27+00:00,2025-03-30T12:44:40+00:00,Paid Search,8007.0,desktop,US,,2026-08-15T12:00:00+00:00
1000242,700062,2025-11-07T14:54:36+00:00,2025-11-07T14:56:07+00:00,Social,8004.0,mobile,US,,2026-08-15T12:00:00+00:00
1000243,700002,2026-06-13T18:49:38+00:00,2026-06-13T18:50:15+00:00,Email,8002.0,mobile,US,,2026-08-15T12:00:00+00:00
1000244,700009,2025-02-07T19:05:31+00:00,2025-02-07T19:06:24+00:00,Organic,,mobile,US,,2026-08-15T12:00:00+00:00
1000245,700059,2026-06-18T09:54:02+00:00,2026-06-18T09:54:58+00:00,Direct,,mobile,US,9000189.0,2026-08-15T12:00:00+00:00
1000246,700006,2025-06-21T15:29:23+00:00,2025-06-21T15:30:59+00:00,Social,8002.0,mobile,US,,2026-08-15T12:00:00+00:00
1000247,700033,2025-10-19T04:46:44+00:00,2025-10-19T04:47:41+00:00,Social,8006.0,desktop,US,,2026-08-15T12:00:00+00:00
1000248,700069,2026-03-09T22:46:20+00:00,2026-03-09T22:47:05+00:00,Direct,,desktop,US,,2026-08-15T12:00:00+00:00
1000249,700052,2025-12-07T19:47:12+00:00,2025-12-07T19:48:59+00:00,Email,8008.0,desktop,US,,2026-08-15T12:00:00+00:00
1000250,700006,2026-04-05T21:52:02+00:00,2026-04-05T21:54:43+00:00,Paid Search,8001.0,mobile,US,,2026-08-15T12:00:00+00:00
1000251,700040,2026-06-03T17:19:29+00:00,2026-06-03T17:20:22+00:00,Social,,mobile,US,9000004.0,2026-08-15T12:00:00+00:00
1000252,700063,2026-01-29T17:28:34+00:00,2026-01-29T17:32:12+00:00,Paid Search,8006.0,mobile,US,,2026-08-15T12:00:00+00:00
1000253,700055,2025-08-02T00:28:52+00:00,2025-08-02T00:29:37+00:00,Social,8001.0,desktop,US,,2026-08-15T12:00:00+00:00
1000254,700014,2025-11-30T08:21:13+00:00,2025-11-30T08:21:32+00:00,Email,8002.0,mobile,US,,2026-08-15T12:00:00+00:00
1000255,700061,2026-04-24T14:09:04+00:00,2026-04-24T14:12:20+00:00,Paid Search,8002.0,tablet,US,,2026-08-15T12:00:00+00:00
1000256,700018,2025-07-13T11:30:31+00:00,2025-07-13T11:31:04+00:00,Paid Search,,mobile,US,,2026-08-15T12:00:00+00:00
1000257,700079,2025-07-31T21:44:07+00:00,2025-07-31T21:44:56+00:00,Direct,,mobile,US,,2026-08-15T12:00:00+00:00
1000258,700053,2025-09-22T01:22:04+00:00,2025-09-22T01:23:03+00:00,Paid Search,8007.0,mobile,US,,2026-08-15T12:00:00+00:00
1000259,700052,2025-08-22T10:56:53+00:00,2025-08-22T10:57:28+00:00,Organic,,mobile,US,,2026-08-15T12:00:00+00:00
1000260,700043,2026-02-09T12:11:26+00:00,2026-02-09T12:13:32+00:00,Direct,,desktop,US,,2026-08-15T12:00:00+00:00
1000261,700056,2026-02-17T02:24:19+00:00,2026-02-17T02:24:38+00:00,Direct,,mobile,US,,2026-08-15T12:00:00+00:00
1000262,700007,2026-07-09T10:48:58+00:00,2026-07-09T10:49:11+00:00,Organic,,mobile,US,,2026-08-15T12:00:00+00:00
1000263,700032,2025-12-11T04:19:16+00:00,2025-12-11T04:20:19+00:00,Direct,,mobile,US,,2026-08-15T12:00:00+00:00
1000264,700074,2025-05-02T11:53:29+00:00,2025-05-02T11:54:13+00:00,Email,8005.0,mobile,US,,2026-08-15T12:00:00+00:00
1000265,700018,2025-07-17T14:00:08+00:00,2025-07-17T14:01:45+00:00,Paid Search,,desktop,US,9000034.0,2026-08-15T12:00:00+00:00
1000266,700033,2025-02-27T18:34:53+00:00,2025-02-27T18:35:06+00:00,Organic,,mobile,US,9000034.0,2026-08-15T12:00:00+00:00
1000267,700063,2026-02-09T20:30:22+00:00,2026-02-09T20:31:20+00:00,Organic,,mobile,US,,2026-08-15T12:00:00+00:00
1000268,700060,2025-01-13T07:49:08+00:00,2025-01-13T07:49:30+00:00,Organic,,mobile,US,,2026-08-15T12:00:00+00:00
1000269,700034,2025-10-12T18:47:47+00:00,2025-10-12T18:48:38+00:00,Paid Search,8008.0,desktop,US,,2026-08-15T12:00:00+00:00
1000270,700078,2025-05-20T16:45:56+00:00,2025-05-20T16:48:06+00:00,Direct,,desktop,US,,2026-08-15T12:00:00+00:00
1000271,700040,2026-01-11T22:38:42+00:00,2026-01-11T22:39:49+00:00,Paid Search,,mobile,US,,2026-08-15T12:00:00+00:00
1000272,700005,2026-04-27T21:01:14+00:00,2026-04-27T21:01:29+00:00,Organic,,desktop,US,,2026-08-15T12:00:00+00:00
1000273,700063,2026-06-08T13:43:30+00:00,2026-06-08T13:47:51+00:00,Email,8001.0,mobile,US,,2026-08-15T12:00:00+00:00
1000274,700025,2026-07-16T04:46:11+00:00,2026-07-16T04:50:11+00:00,Paid Search,,desktop,US,,2026-08-15T12:00:00+00:00
1000275,700045,2025-08-18T07:48:11+00:00,2025-08-18T07:49:20+00:00,Organic,,mobile,US,,2026-08-15T12:00:00+00:00
1000276,700053,2025-02-02T17:51:37+00:00,2025-02-02T17:52:09+00:00,Social,8005.0,mobile,US,,2026-08-15T12:00:00+00:00
1000277,700043,2025-05-25T02:36:03+00:00,2025-05-25T02:37:49+00:00,Paid Search,8002.0,desktop,US,,2026-08-15T12:00:00+00:00
1000278,700044,2026-06-17T20:37:09+00:00,2026-06-17T20:38:19+00:00,Organic,,desktop,US,,2026-08-15T12:00:00+00:00
1000279,700022,2025-09-12T14:23:42+00:00,2025-09-12T14:24:37+00:00,Email,,mobile,US,,2026-08-15T12:00:00+00:00
1000280,700060,2025-10-07T00:19:20+00:00,2025-10-07T00:20:36+00:00,Affiliate,8007.0,mobile,US,,2026-08-15T12:00:00+00:00
1000281,700064,2025-06-19T20:02:50+00:00,2025-06-19T20:03:53+00:00,Paid Search,8003.0,desktop,US,9000033.0,2026-08-15T12:00:00+00:00
1000282,700019,2026-03-06T09:01:53+00:00,2026-03-06T09:04:45+00:00,Social,8002.0,mobile,US,,2026-08-15T12:00:00+00:00
1000283,700002,2025-07-16T07:44:13+00:00,2025-07-16T07:46:25+00:00,Email,,mobile,US,,2026-08-15T12:00:00+00:00
1000284,700074,2025-03-07T02:55:41+00:00,2025-03-07T02:56:59+00:00,Direct,,desktop,US,,2026-08-15T12:00:00+00:00
1000285,700064,2026-01-15T08:54:44+00:00,2026-01-15T08:55:19+00:00,Paid Search,8006.0,mobile,US,,2026-08-15T12:00:00+00:00
1000286,700080,2026-02-20T10:20:12+00:00,2026-02-20T10:22:19+00:00,Email,8006.0,mobile,US,,2026-08-15T12:00:00+00:00
1000287,700011,2026-04-07T02:16:47+00:00,2026-04-07T02:17:55+00:00,Social,,mobile,US,,2026-08-15T12:00:00+00:00
1000288,700063,2026-05-22T03:45:40+00:00,2026-05-22T03:47:39+00:00,Organic,,mobile,US,,2026-08-15T12:00:00+00:00
1000289,700034,2025-09-07T10:27:48+00:00,2025-09-07T10:28:31+00:00,Paid Search,,desktop,US,,2026-08-15T12:00:00+00:00
1000290,700078,2025-08-19T05:44:40+00:00,2025-08-19T05:45:18+00:00,Organic,,desktop,US,,2026-08-15T12:00:00+00:00
1000291,700037,2025-02-18T01:29:12+00:00,2025-02-18T01:33:39+00:00,Paid Search,8007.0,mobile,US,,2026-08-15T12:00:00+00:00
1000292,700054,2025-05-20T14:08:27+00:00,2025-05-20T14:08:59+00:00,Paid Search,,tablet,US,,2026-08-15T12:00:00+00:00
1000293,700060,2026-06-06T14:34:48+00:00,2026-06-06T14:37:29+00:00,Affiliate,8005.0,mobile,US,,2026-08-15T12:00:00+00:00
1000294,700069,2025-12-31T04:23:12+00:00,2025-12-31T04:23:54+00:00,Organic,,mobile,US,,2026-08-15T12:00:00+00:00
1000295,700028,2026-04-03T18:44:21+00:00,2026-04-03T18:45:38+00:00,Organic,,mobile,US,,2026-08-15T12:00:00+00:00
1000296,700065,2025-12-08T15:55:37+00:00,2025-12-08T15:57:38+00:00,Paid Search,8008.0,desktop,US,,2026-08-15T12:00:00+00:00
1000297,700066,2026-05-01T10:13:04+00:00,2026-05-01T10:13:27+00:00,Paid Search,,desktop,US,,2026-08-15T12:00:00+00:00
1000298,700035,2025-12-20T10:37:49+00:00,2025-12-20T10:39:24+00:00,Social,8001.0,desktop,US,,2026-08-15T12:00:00+00:00
1000299,700062,2025-06-15T01:27:38+00:00,2025-06-15T01:29:34+00:00,Social,8003.0,desktop,US,,2026-08-15T12:00:00+00:00
1000300,700049,2026-04-03T04:37:36+00:00,2026-04-03T04:40:07+00:00,Organic,,mobile,US,,2026-08-15T12:00:00+00:00
