campaign_key,campaign_code,campaign_name,channel,start_date,end_date,budget_amount,currency_code,load_timestamp_utc,batch_id,source_system
0,NONE,No Campaign,,,,,,2026-08-15T12:00:00+00:00,SYSTEM,SYSTEM
1032652094,CMP-08001,Seasonal Campaign 1,Email,2025-10-02,2025-11-16,18670.77,USD,2026-08-15T12:00:00+00:00,GEN-20260815T120000Z-bcb100dcba34,POSTGRES_DIGITAL
1288116758,CMP-08002,Retention Campaign 2,Paid Search,2025-05-07,2025-06-21,14494.81,USD,2026-08-15T12:00:00+00:00,GEN-20260815T120000Z-bcb100dcba34,POSTGRES_DIGITAL
58564176,CMP-08003,Seasonal Campaign 3,Paid Search,2025-11-27,2026-01-26,977.15,USD,2026-08-15T12:00:00+00:00,GEN-20260815T120000Z-bcb100dcba34,POSTGRES_DIGITAL
591997275,CMP-08004,Seasonal Campaign 4,Paid Search,2025-03-07,2025-05-06,9733.79,USD,2026-08-15T12:00:00+00:00,GEN-20260815T120000Z-bcb100dcba34,POSTGRES_DIGITAL
973488713,CMP-08005,Retention Campaign 5,Social,2025-04-24,2025-05-24,14994.85,USD,2026-08-15T12:00:00+00:00,GEN-20260815T120000Z-bcb100dcba34,POSTGRES_DIGITAL
260443056,CMP-08006,Retention Campaign 6,Affiliate,2026-02-03,2026-03-20,1728.32,USD,2026-08-15T12:00:00+00:00,GEN-20260815T120000Z-bcb100dcba34,POSTGRES_DIGITAL
1657128491,CMP-08007,Retention Campaign 7,Social,2026-06-24,2026-08-08,19186.46,USD,2026-08-15T12:00:00+00:00,GEN-20260815T120000Z-bcb100dcba34,POSTGRES_DIGITAL
942632375,CMP-08008,Launch Campaign 8,Affiliate,2026-05-22,2026-07-21,20740.6,USD,2026-08-15T12:00:00+00:00,GEN-20260815T120000Z-bcb100dcba34,POSTGRES_DIGITAL
