supplier_key,supplier_code,supplier_name,country_code,lead_time_days,active_flag,load_timestamp_utc,batch_id,source_system
0,UNKNOWN,Unknown Supplier,,,0,2026-08-15T12:00:00+00:00,SYSTEM,SYSTEM
134789291,SUP-05001,Johnson Ltd Supply,US,14,1,2026-08-15T12:00:00+00:00,GEN-20260815T120000Z-bcb100dcba34,SQLSERVER_ERP
1854843799,SUP-05002,"Arnold, Mitchell and Jones Supply",US,21,1,2026-08-15T12:00:00+00:00,GEN-20260815T120000Z-bcb100dcba34,SQLSERVER_ERP
2024826366,SUP-05003,"Stevenson, Walsh and Pierce Supply",CA,14,1,2026-08-15T12:00:00+00:00,GEN-20260815T120000Z-bcb100dcba34,SQLSERVER_ERP
1218659058,SUP-05004,Arroyo Ltd Supply,MX,21,1,2026-08-15T12:00:00+00:00,GEN-20260815T120000Z-bcb100dcba34,SQLSERVER_ERP
1431717785,SUP-05005,"Bonilla, Jefferson and Brown Supply",GB,21,1,2026-08-15T12:00:00+00:00,GEN-20260815T120000Z-bcb100dcba34,SQLSERVER_ERP
1200823148,SUP-05006,"Ferguson, Sullivan and Leon Supply",US,7,1,2026-08-15T12:00:00+00:00,GEN-20260815T120000Z-bcb100dcba34,SQLSERVER_ERP
1859511758,SUP-05007,"Taylor, Johnson and Morgan Supply",CA,7,0,2026-08-15T12:00:00+00:00,GEN-20260815T120000Z-bcb100dcba34,SQLSERVER_ERP
1514023651,SUP-05008,"Winters, Campbell and Carr Supply",US,14,1,2026-08-15T12:00:00+00:00,GEN-20260815T120000Z-bcb100dcba34,SQLSERVER_ERP
