channel_key,channel_code,channel_name,channel_group,load_timestamp_utc,batch_id,source_system
0,UNKNOWN,Unknown Channel,Unknown,2026-08-15T12:00:00+00:00,SYSTEM,SYSTEM
594711114,STORE,Store,Sales,2026-08-15T12:00:00+00:00,GEN-20260815T120000Z-bcb100dcba34,CONFORMED
1804690732,ONLINE,Online,Sales,2026-08-15T12:00:00+00:00,GEN-20260815T120000Z-bcb100dcba34,CONFORMED
359664538,PAID SEARCH,Paid Search,Marketing,2026-08-15T12:00:00+00:00,GEN-20260815T120000Z-bcb100dcba34,CONFORMED
854565296,SOCIAL,Social,Marketing,2026-08-15T12:00:00+00:00,GEN-20260815T120000Z-bcb100dcba34,CONFORMED
1597652039,EMAIL,Email,Marketing,2026-08-15T12:00:00+00:00,GEN-20260815T120000Z-bcb100dcba34,CONFORMED
202702072,AFFILIATE,Affiliate,Marketing,2026-08-15T12:00:00+00:00,GEN-20260815T120000Z-bcb100dcba34,CONFORMED
1179591018,ORGANIC,Organic,Marketing,2026-08-15T12:00:00+00:00,GEN-20260815T120000Z-bcb100dcba34,CONFORMED
1191153075,DIRECT,Direct,Marketing,2026-08-15T12:00:00+00:00,GEN-20260815T120000Z-bcb100dcba34,CONFORMED
