web_session_key,session_id,session_date_key,customer_key,campaign_key,channel_key,session_count,duration_seconds,page_view_count,add_to_cart_count,converted_flag,converted_order_id,load_timestamp_utc,batch_id,source_system
5474310017355705,1000001,20250823,4142859620013041,0,1191153075,1,30,0,0,False,,2026-08-15T12:00:00+00:00,GEN-20260815T120000Z-bcb100dcba34,POSTGRES_DIGITAL
6304090252401870,1000002,20250720,0,942632375,202702072,1,203,0,0,False,,2026-08-15T12:00:00+00:00,GEN-20260815T120000Z-bcb100dcba34,POSTGRES_DIGITAL
5664995365944986,1000003,20250715,0,0,1191153075,1,23,1,0,False,,2026-08-15T12:00:00+00:00,GEN-20260815T120000Z-bcb100dcba34,POSTGRES_DIGITAL
1945616282418718,1000004,20250118,0,58564176,359664538,1,83,1,1,False,,2026-08-15T12:00:00+00:00,GEN-20260815T120000Z-bcb100dcba34,POSTGRES_DIGITAL
7221666342306954,1000005,20250830,7884962455242156,973488713,854565296,1,17,1,1,False,,2026-08-15T12:00:00+00:00,GEN-20260815T120000Z-bcb100dcba34,POSTGRES_DIGITAL
1961164824247277,1000006,20251212,2757805831335922,0,359664538,1,157,1,0,False,,2026-08-15T12:00:00+00:00,GEN-20260815T120000Z-bcb100dcba34,POSTGRES_DIGITAL
6268264885916384,1000007,20250331,3181997951349274,58564176,359664538,1,102,1,1,False,,2026-08-15T12:00:00+00:00,GEN-20260815T120000Z-bcb100dcba34,POSTGRES_DIGITAL
526909861620963,1000008,20260219,2808670043422653,591997275,854565296,1,16,1,0,False,,2026-08-15T12:00:00+00:00,GEN-20260815T120000Z-bcb100dcba34,POSTGRES_DIGITAL
2196468262715921,1000009,20260402,0,1288116758,854565296,1,265,1,0,False,,2026-08-15T12:00:00+00:00,GEN-20260815T120000Z-bcb100dcba34,POSTGRES_DIGITAL
2110085594429829,1000010,20260528,0,260443056,1597652039,1,40,1,0,False,,2026-08-15T12:00:00+00:00,GEN-20260815T120000Z-bcb100dcba34,POSTGRES_DIGITAL
2891184737975075,1000011,20250309,794977933153845,591997275,1597652039,1,25,1,0,False,,2026-08-15T12:00:00+00:00,GEN-20260815T120000Z-bcb100dcba34,POSTGRES_DIGITAL
4591995049099225,1000012,20250901,7458558497773169,0,1179591018,1,62,1,1,False,,2026-08-15T12:00:00+00:00,GEN-20260815T120000Z-bcb100dcba34,POSTGRES_DIGITAL
7847910082168834,1000013,20260202,0,591997275,202702072,1,63,1,1,False,,2026-08-15T12:00:00+00:00,GEN-20260815T120000Z-bcb100dcba34,POSTGRES_DIGITAL
3311775739888260,1000014,20250705,7313078781324406,0,1191153075,1,65,1,1,False,,2026-08-15T12:00:00+00:00,GEN-20260815T120000Z-bcb100dcba34,POSTGRES_DIGITAL
8305134585912295,1000015,20250829,5343910425030456,0,1179591018,1,58,1,0,False,,2026-08-15T12:00:00+00:00,GEN-20260815T120000Z-bcb100dcba34,POSTGRES_DIGITAL
3505069557887689,1000016,20250601,0,0,854565296,1,184,1,0,False,,2026-08-15T12:00:00+00:00,GEN-20260815T120000Z-bcb100dcba34,POSTGRES_DIGITAL
3718386714227245,1000017,20260116,7092616233756724,1032652094,1597652039,1,34,1,0,False,,2026-08-15T12:00:00+00:00,GEN-20260815T120000Z-bcb100dcba34,POSTGRES_DIGITAL
4219899248441726,1000018,20250411,0,0,359664538,1,292,1,1,False,,2026-08-15T12:00:00+00:00,GEN-20260815T120000Z-bcb100dcba34,POSTGRES_DIGITAL
2497177319717353,1000019,20251221,0,0,1179591018,1,30,1,1,False,,2026-08-15T12:00:00+00:00,GEN-20260815T120000Z-bcb100dcba34,POSTGRES_DIGITAL
2045059883916305,1000020,20250909,0,0,1191153075,1,22,1,0,False,,2026-08-15T12:00:00+00:00,GEN-20260815T120000Z-bcb100dcba34,POSTGRES_DIGITAL
7997990263139298,1000021,20250303,7856740392028192,973488713,359664538,1,55,1,0,False,,2026-08-15T12:00:00+00:00,GEN-20260815T120000Z-bcb100dcba34,POSTGRES_DIGITAL
6738857261840649,1000022,20260321,591088753759883,0,1191153075,1,62,1,1,False,,2026-08-15T12:00:00+00:00,GEN-20260815T120000Z-bcb100dcba34,POSTGRES_DIGITAL
1316194141935982,1000023,20250512,8372406203120246,0,1179591018,1,98,1,0,False,,2026-08-15T12:00:00+00:00,GEN-20260815T120000Z-bcb100dcba34,POSTGRES_DIGITAL
8747930959110113,1000024,20250608,7500354694182940,1032652094,359664538,1,183,1,0,False,,2026-08-15T12:00:00+00:00,GEN-20260815T120000Z-bcb100dcba34,POSTGRES_DIGITAL
8134942529887432,1000025,20260213,0,0,359664538,1,81,1,0,False,,2026-08-15T12:00:00+00:00,GEN-20260815T120000Z-bcb100dcba34,POSTGRES_DIGITAL
311414243469466,1000026,20250928,8731009255192300,58564176,359664538,1,82,1,0,False,,2026-08-15T12:00:00+00:00,GEN-20260815T120000Z-bcb100dcba34,POSTGRES_DIGITAL
3638899833401353,1000027,20260502,0,0,854565296,1,196,1,1,False,,2026-08-15T12:00:00+00:00,GEN-20260815T120000Z-bcb100dcba34,POSTGRES_DIGITAL
7314856721340926,1000028,20260607,0,0,854565296,1,45,1,0,False,,2026-08-15T12:00:00+00:00,GEN-20260815T120000Z-bcb100dcba34,POSTGRES_DIGITAL
5576155031572363,1000029,20250624,11115131758355,58564176,854565296,1,133,1,0,False,,2026-08-15T12:00:00+00:00,GEN-20260815T120000Z-bcb100dcba34,POSTGRES_DIGITAL
8004530077586020,1000030,20250302,0,973488713,854565296,1,58,1,1,False,,2026-08-15T12:00:00+00:00,GEN-20260815T120000Z-bcb100dcba34,POSTGRES_DIGITAL
6252149790637566,1000031,20250826,8817168331941856,0,1191153075,1,94,1,0,False,,2026-08-15T12:00:00+00:00,GEN-20260815T120000Z-bcb100dcba34,POSTGRES_DIGITAL
6769192830428232,1000032,20250716,0,0,1179591018,1,46,1,0,False,,2026-08-15T12:00:00+00:00,GEN-20260815T120000Z-bcb100dcba34,POSTGRES_DIGITAL
5472540764967881,1000033,20260730,2726281251948809,591997275,854565296,1,105,1,1,False,,2026-08-15T12:00:00+00:00,GEN-20260815T120000Z-bcb100dcba34,POSTGRES_DIGITAL
5479345140426127,1000034,20250318,0,591997275,202702072,1,85,1,1,False,,2026-08-15T12:00:00+00:00,GEN-20260815T120000Z-bcb100dcba34,POSTGRES_DIGITAL
669001863378300,1000035,20260115,0,0,1191153075,1,25,1,0,False,,2026-08-15T12:00:00+00:00,GEN-20260815T120000Z-bcb100dcba34,POSTGRES_DIGITAL
8396804771080506,1000036,20250803,0,260443056,854565296,1,24,1,0,False,,2026-08-15T12:00:00+00:00,GEN-20260815T120000Z-bcb100dcba34,POSTGRES_DIGITAL
5554783543894363,1000037,20260606,0,591997275,854565296,1,32,1,0,False,,2026-08-15T12:00:00+00:00,GEN-20260815T120000Z-bcb100dcba34,POSTGRES_DIGITAL
7657537561062304,1000038,20250803,0,1288116758,359664538,1,127,1,1,False,,2026-08-15T12:00:00+00:00,GEN-20260815T120000Z-bcb100dcba34,POSTGRES_DIGITAL
8182956121058202,1000039,20260619,0,0,854565296,1,166,1,1,False,,2026-08-15T12:00:00+00:00,GEN-20260815T120000Z-bcb100dcba34,POSTGRES_DIGITAL
4053506306990067,1000040,20251001,0,0,202702072,1,344,1,1,False,,2026-08-15T12:00:00+00:00,GEN-20260815T120000Z-bcb100dcba34,POSTGRES_DIGITAL
5018443478451378,1000041,20250311,0,0,1179591018,1,109,1,1,False,,2026-08-15T12:00:00+00:00,GEN-20260815T120000Z-bcb100dcba34,POSTGRES_DIGITAL
5541553076423456,1000042,20250511,7092616233756724,0,1179591018,1,91,1,1,False,,2026-08-15T12:00:00+00:00,GEN-20260815T120000Z-bcb100dcba34,POSTGRES_DIGITAL
6340051819822569,1000043,20260119,591088753759883,1288116758,1597652039,1,44,1,1,False,,2026-08-15T12:00:00+00:00,GEN-20260815T120000Z-bcb100dcba34,POSTGRES_DIGITAL
4376205878385057,1000044,20250622,3181997951349274,0,1191153075,1,62,1,1,False,,2026-08-15T12:00:00+00:00,GEN-20260815T120000Z-bcb100dcba34,POSTGRES_DIGITAL
2029772607991347,1000045,20250623,5479743518798183,260443056,359664538,1,55,1,0,False,,2026-08-15T12:00:00+00:00,GEN-20260815T120000Z-bcb100dcba34,POSTGRES_DIGITAL
6589289588777055,1000046,20250213,3181997951349274,0,1191153075,1,102,1,0,False,,2026-08-15T12:00:00+00:00,GEN-20260815T120000Z-bcb100dcba34,POSTGRES_DIGITAL
6807793266821709,1000047,20251119,2409169931534460,1288116758,1597652039,1,191,1,1,False,,2026-08-15T12:00:00+00:00,GEN-20260815T120000Z-bcb100dcba34,POSTGRES_DIGITAL
2952619317789027,1000048,20250811,5479743518798183,942632375,1597652039,1,162,1,1,False,,2026-08-15T12:00:00+00:00,GEN-20260815T120000Z-bcb100dcba34,POSTGRES_DIGITAL
7007509857472966,1000049,20250614,0,58564176,359664538,1,106,1,0,False,,2026-08-15T12:00:00+00:00,GEN-20260815T120000Z-bcb100dcba34,POSTGRES_DIGITAL
8401179741804767,1000050,20250714,0,0,1191153075,1,217,1,0,False,,2026-08-15T12:00:00+00:00,GEN-20260815T120000Z-bcb100dcba34,POSTGRES_DIGITAL
3260320326623567,1000051,20251115,0,1657128491,854565296,1,177,1,1,False,,2026-08-15T12:00:00+00:00,GEN-20260815T120000Z-bcb100dcba34,POSTGRES_DIGITAL
8031339698216601,1000052,20260227,591088753759883,0,1191153075,1,116,1,0,False,,2026-08-15T12:00:00+00:00,GEN-20260815T120000Z-bcb100dcba34,POSTGRES_DIGITAL
3301528800595137,1000053,20250425,2726281251948809,1657128491,359664538,1,71,1,0,False,,2026-08-15T12:00:00+00:00,GEN-20260815T120000Z-bcb100dcba34,POSTGRES_DIGITAL
7975234325780542,1000054,20250804,2409169931534460,1657128491,854565296,1,61,1,1,False,,2026-08-15T12:00:00+00:00,GEN-20260815T120000Z-bcb100dcba34,POSTGRES_DIGITAL
7754229595125842,1000055,20250101,0,58564176,202702072,1,141,1,1,False,,2026-08-15T12:00:00+00:00,GEN-20260815T120000Z-bcb100dcba34,POSTGRES_DIGITAL
1109169592643627,1000056,20260104,0,0,1191153075,1,30,1,1,False,,2026-08-15T12:00:00+00:00,GEN-20260815T120000Z-bcb100dcba34,POSTGRES_DIGITAL
7183717014170328,1000057,20260613,0,1657128491,1597652039,1,87,1,1,False,,2026-08-15T12:00:00+00:00,GEN-20260815T120000Z-bcb100dcba34,POSTGRES_DIGITAL
1706094447308237,1000058,20260620,2757805831335922,942632375,854565296,1,25,1,1,False,,2026-08-15T12:00:00+00:00,GEN-20260815T120000Z-bcb100dcba34,POSTGRES_DIGITAL
3613591386387313,1000059,20250929,0,0,359664538,1,123,1,0,False,,2026-08-15T12:00:00+00:00,GEN-20260815T120000Z-bcb100dcba34,POSTGRES_DIGITAL
5040085099697944,1000060,20250615,2067625431330998,0,1179591018,1,60,1,0,False,,2026-08-15T12:00:00+00:00,GEN-20260815T120000Z-bcb100dcba34,POSTGRES_DIGITAL
2681988722997868,1000061,20250810,0,1032652094,359664538,1,46,1,1,True,9000006,2026-08-15T12:00:00+00:00,GEN-20260815T120000Z-bcb100dcba34,POSTGRES_DIGITAL
4731816040591811,1000062,20250104,7270340442903482,58564176,1597652039,1,195,1,1,False,,2026-08-15T12:00:00+00:00,GEN-20260815T120000Z-bcb100dcba34,POSTGRES_DIGITAL
75361622167197,1000063,20250210,0,0,854565296,1,94,1,0,False,,2026-08-15T12:00:00+00:00,GEN-20260815T120000Z-bcb100dcba34,POSTGRES_DIGITAL
3600548416827334,1000064,20250201,7104990232996649,0,1179591018,1,27,1,1,False,,2026-08-15T12:00:00+00:00,GEN-20260815T120000Z-bcb100dcba34,POSTGRES_DIGITAL
8534251815666099,1000065,20250421,5479743518798183,0,1179591018,1,73,1,1,False,,2026-08-15T12:00:00+00:00,GEN-20260815T120000Z-bcb100dcba34,POSTGRES_DIGITAL
665984449433091,1000066,20260418,4142859620013041,1032652094,359664538,1,70,1,0,False,,2026-08-15T12:00:00+00:00,GEN-20260815T120000Z-bcb100dcba34,POSTGRES_DIGITAL
241029896673434,1000067,20260403,0,0,1179591018,1,30,1,0,False,,2026-08-15T12:00:00+00:00,GEN-20260815T120000Z-bcb100dcba34,POSTGRES_DIGITAL
2555855412685393,1000068,20260623,8417110578117605,973488713,359664538,1,20,1,1,False,,2026-08-15T12:00:00+00:00,GEN-20260815T120000Z-bcb100dcba34,POSTGRES_DIGITAL
8352546925785034,1000069,20250524,0,260443056,359664538,1,97,1,0,False,,2026-08-15T12:00:00+00:00,GEN-20260815T120000Z-bcb100dcba34,POSTGRES_DIGITAL
4221621182736413,1000070,20250405,0,0,1191153075,1,118,1,0,False,,2026-08-15T12:00:00+00:00,GEN-20260815T120000Z-bcb100dcba34,POSTGRES_DIGITAL
5752168067595794,1000071,20250109,0,0,1191153075,1,124,1,1,False,,2026-08-15T12:00:00+00:00,GEN-20260815T120000Z-bcb100dcba34,POSTGRES_DIGITAL
1275357172432841,1000072,20260727,0,942632375,359664538,1,298,1,0,False,,2026-08-15T12:00:00+00:00,GEN-20260815T120000Z-bcb100dcba34,POSTGRES_DIGITAL
2185646260834049,1000073,20251024,7270340442903482,973488713,202702072,1,34,1,0,False,,2026-08-15T12:00:00+00:00,GEN-20260815T120000Z-bcb100dcba34,POSTGRES_DIGITAL
5183160660571462,1000074,20250708,2809224091097357,260443056,202702072,1,85,1,1,False,,2026-08-15T12:00:00+00:00,GEN-20260815T120000Z-bcb100dcba34,POSTGRES_DIGITAL
6934768388702178,1000075,20260710,2557867901969331,973488713,854565296,1,88,1,0,False,,2026-08-15T12:00:00+00:00,GEN-20260815T120000Z-bcb100dcba34,POSTGRES_DIGITAL
3978237095940300,1000076,20260413,0,0,854565296,1,35,1,0,False,,2026-08-15T12:00:00+00:00,GEN-20260815T120000Z-bcb100dcba34,POSTGRES_DIGITAL
7042022533642510,1000077,20251014,0,0,1179591018,1,61,1,0,False,,2026-08-15T12:00:00+00:00,GEN-20260815T120000Z-bcb100dcba34,POSTGRES_DIGITAL
1680199159275725,1000078,20250407,0,1657128491,1597652039,1,207,1,1,False,,2026-08-15T12:00:00+00:00,GEN-20260815T120000Z-bcb100dcba34,POSTGRES_DIGITAL
7421942100782814,1000079,20250319,0,0,1191153075,1,33,1,0,False,,2026-08-15T12:00:00+00:00,GEN-20260815T120000Z-bcb100dcba34,POSTGRES_DIGITAL
6921453439952121,1000080,20251030,0,0,854565296,1,27,1,1,False,,2026-08-15T12:00:00+00:00,GEN-20260815T120000Z-bcb100dcba34,POSTGRES_DIGITAL
4136949607627391,1000081,20251102,0,973488713,359664538,1,42,1,0,False,,2026-08-15T12:00:00+00:00,GEN-20260815T120000Z-bcb100dcba34,POSTGRES_DIGITAL
8576805998808484,1000082,20260309,5479743518798183,0,359664538,1,21,1,1,False,,2026-08-15T12:00:00+00:00,GEN-20260815T120000Z-bcb100dcba34,POSTGRES_DIGITAL
7747207183818169,1000083,20251017,2809224091097357,0,1191153075,1,88,1,1,False,,2026-08-15T12:00:00+00:00,GEN-20260815T120000Z-bcb100dcba34,POSTGRES_DIGITAL
1466575319618529,1000084,20260703,1564892274263674,1657128491,359664538,1,24,1,1,False,,2026-08-15T12:00:00+00:00,GEN-20260815T120000Z-bcb100dcba34,POSTGRES_DIGITAL
7892270890285000,1000085,20251104,2804663144207255,942632375,202702072,1,69,1,0,False,,2026-08-15T12:00:00+00:00,GEN-20260815T120000Z-bcb100dcba34,POSTGRES_DIGITAL
4064032320603814,1000086,20250622,0,0,1179591018,1,57,1,0,False,,2026-08-15T12:00:00+00:00,GEN-20260815T120000Z-bcb100dcba34,POSTGRES_DIGITAL
2026081944959134,1000087,20260213,0,0,1179591018,1,143,1,0,False,,2026-08-15T12:00:00+00:00,GEN-20260815T120000Z-bcb100dcba34,POSTGRES_DIGITAL
5304911038095616,1000088,20251013,1463022394098365,942632375,1597652039,1,33,1,1,True,9000186,2026-08-15T12:00:00+00:00,GEN-20260815T120000Z-bcb100dcba34,POSTGRES_DIGITAL
1287848203167049,1000089,20260215,5479743518798183,0,1179591018,1,89,1,0,False,,2026-08-15T12:00:00+00:00,GEN-20260815T120000Z-bcb100dcba34,POSTGRES_DIGITAL
4084819696182500,1000090,20251204,11115131758355,0,1179591018,1,31,1,0,False,,2026-08-15T12:00:00+00:00,GEN-20260815T120000Z-bcb100dcba34,POSTGRES_DIGITAL
1250453518620199,1000091,20250523,0,591997275,1597652039,1,123,1,1,True,9000191,2026-08-15T12:00:00+00:00,GEN-20260815T120000Z-bcb100dcba34,POSTGRES_DIGITAL
1362177663704977,1000092,20260322,7500354694182940,591997275,854565296,1,148,1,0,False,,2026-08-15T12:00:00+00:00,GEN-20260815T120000Z-bcb100dcba34,POSTGRES_DIGITAL
3800105094435296,1000093,20250222,0,0,1179591018,1,153,1,1,False,,2026-08-15T12:00:00+00:00,GEN-20260815T120000Z-bcb100dcba34,POSTGRES_DIGITAL
2875441967211929,1000094,20260603,794977933153845,0,1191153075,1,70,1,1,False,,2026-08-15T12:00:00+00:00,GEN-20260815T120000Z-bcb100dcba34,POSTGRES_DIGITAL
4582267195072901,1000095,20250820,8417110578117605,0,1179591018,1,44,1,1,False,,2026-08-15T12:00:00+00:00,GEN-20260815T120000Z-bcb100dcba34,POSTGRES_DIGITAL
5256488837536004,1000096,20251208,8817168331941856,942632375,854565296,1,171,1,1,False,,2026-08-15T12:00:00+00:00,GEN-20260815T120000Z-bcb100dcba34,POSTGRES_DIGITAL
7488818720171728,1000097,20250905,0,0,1191153075,1,107,1,0,False,,2026-08-15T12:00:00+00:00,GEN-20260815T120000Z-bcb100dcba34,POSTGRES_DIGITAL
2953686949425951,1000098,20260606,0,58564176,1597652039,1,189,1,1,False,,2026-08-15T12:00:00+00:00,GEN-20260815T120000Z-bcb100dcba34,POSTGRES_DIGITAL
8343922565816080,1000099,20260530,2757805831335922,1657128491,1597652039,1,164,1,0,False,,2026-08-15T12:00:00+00:00,GEN-20260815T120000Z-bcb100dcba34,POSTGRES_DIGITAL
2561286728790346,1000100,20260609,794977933153845,0,1597652039,1,26,1,1,False,,2026-08-15T12:00:00+00:00,GEN-20260815T120000Z-bcb100dcba34,POSTGRES_DIGITAL
3594058325514501,1000101,20251120,2809224091097357,973488713,854565296,1,104,1,0,False,,2026-08-15T12:00:00+00:00,GEN-20260815T120000Z-bcb100dcba34,POSTGRES_DIGITAL
5584952245364244,1000102,20250201,2757805831335922,0,1191153075,1,57,1,0,False,,2026-08-15T12:00:00+00:00,GEN-20260815T120000Z-bcb100dcba34,POSTGRES_DIGITAL
3241097634573521,1000103,20250625,0,591997275,359664538,1,82,1,1,False,,2026-08-15T12:00:00+00:00,GEN-20260815T120000Z-bcb100dcba34,POSTGRES_DIGITAL
4688369655658896,1000104,20260319,0,0,1179591018,1,111,1,0,False,,2026-08-15T12:00:00+00:00,GEN-20260815T120000Z-bcb100dcba34,POSTGRES_DIGITAL
1695014539720053,1000105,20251106,5479743518798183,58564176,854565296,1,123,1,1,False,,2026-08-15T12:00:00+00:00,GEN-20260815T120000Z-bcb100dcba34,POSTGRES_DIGITAL
3303869187026359,1000106,20260402,0,0,1179591018,1,125,1,1,False,,2026-08-15T12:00:00+00:00,GEN-20260815T120000Z-bcb100dcba34,POSTGRES_DIGITAL
5771446368684837,1000107,20260214,2557867901969331,0,854565296,1,57,1,0,False,,2026-08-15T12:00:00+00:00,GEN-20260815T120000Z-bcb100dcba34,POSTGRES_DIGITAL
5793233871388837,1000108,20251005,8731009255192300,1032652094,359664538,1,63,1,0,False,,2026-08-15T12:00:00+00:00,GEN-20260815T120000Z-bcb100dcba34,POSTGRES_DIGITAL
3349879921040952,1000109,20250917,0,0,1191153075,1,21,1,0,False,,2026-08-15T12:00:00+00:00,GEN-20260815T120000Z-bcb100dcba34,POSTGRES_DIGITAL
7635753912933038,1000110,20260710,0,0,202702072,1,60,1,1,False,,2026-08-15T12:00:00+00:00,GEN-20260815T120000Z-bcb100dcba34,POSTGRES_DIGITAL
6144493817533975,1000111,20260421,0,0,1179591018,1,47,1,0,False,,2026-08-15T12:00:00+00:00,GEN-20260815T120000Z-bcb100dcba34,POSTGRES_DIGITAL
3919370867137520,1000112,20251106,7313078781324406,0,1179591018,1,267,1,1,False,,2026-08-15T12:00:00+00:00,GEN-20260815T120000Z-bcb100dcba34,POSTGRES_DIGITAL
6202647605035993,1000113,20250507,0,1288116758,854565296,1,18,1,1,False,,2026-08-15T12:00:00+00:00,GEN-20260815T120000Z-bcb100dcba34,POSTGRES_DIGITAL
8863297948216274,1000114,20250702,0,942632375,854565296,1,136,1,1,False,,2026-08-15T12:00:00+00:00,GEN-20260815T120000Z-bcb100dcba34,POSTGRES_DIGITAL
1383041395283012,1000115,20260304,7225283174107840,0,1179591018,1,23,1,0,False,,2026-08-15T12:00:00+00:00,GEN-20260815T120000Z-bcb100dcba34,POSTGRES_DIGITAL
1941263360885464,1000116,20250714,3316308024422010,260443056,1597652039,1,105,1,1,False,,2026-08-15T12:00:00+00:00,GEN-20260815T120000Z-bcb100dcba34,POSTGRES_DIGITAL
3229442115527451,1000117,20250523,0,0,1191153075,1,41,1,1,False,,2026-08-15T12:00:00+00:00,GEN-20260815T120000Z-bcb100dcba34,POSTGRES_DIGITAL
1369516470440827,1000118,20250807,0,0,1191153075,1,33,1,0,False,,2026-08-15T12:00:00+00:00,GEN-20260815T120000Z-bcb100dcba34,POSTGRES_DIGITAL
1890762677398861,1000119,20250913,8731009255192300,0,1191153075,1,124,1,1,False,,2026-08-15T12:00:00+00:00,GEN-20260815T120000Z-bcb100dcba34,POSTGRES_DIGITAL
3594142804229336,1000120,20260126,7192464170153370,973488713,854565296,1,74,1,1,False,,2026-08-15T12:00:00+00:00,GEN-20260815T120000Z-bcb100dcba34,POSTGRES_DIGITAL
6955923741609315,1000121,20260220,7500354694182940,0,1191153075,1,446,1,0,False,,2026-08-15T12:00:00+00:00,GEN-20260815T120000Z-bcb100dcba34,POSTGRES_DIGITAL
1249218420346321,1000122,20260624,5479743518798183,0,359664538,1,163,1,1,False,,2026-08-15T12:00:00+00:00,GEN-20260815T120000Z-bcb100dcba34,POSTGRES_DIGITAL
6396711311088802,1000123,20251206,2808670043422653,0,202702072,1,41,1,0,False,,2026-08-15T12:00:00+00:00,GEN-20260815T120000Z-bcb100dcba34,POSTGRES_DIGITAL
3321420466242953,1000124,20250624,0,0,359664538,1,105,1,0,False,,2026-08-15T12:00:00+00:00,GEN-20260815T120000Z-bcb100dcba34,POSTGRES_DIGITAL
5319061438503885,1000125,20260416,0,260443056,202702072,1,28,1,1,False,,2026-08-15T12:00:00+00:00,GEN-20260815T120000Z-bcb100dcba34,POSTGRES_DIGITAL
5024217552773223,1000126,20260123,0,0,1179591018,1,57,1,0,False,,2026-08-15T12:00:00+00:00,GEN-20260815T120000Z-bcb100dcba34,POSTGRES_DIGITAL
5431425805897038,1000127,20250415,1564892274263674,1288116758,359664538,1,59,1,0,False,,2026-08-15T12:00:00+00:00,GEN-20260815T120000Z-bcb100dcba34,POSTGRES_DIGITAL
2248289449469847,1000128,20250731,2409169931534460,0,1179591018,1,201,1,1,False,,2026-08-15T12:00:00+00:00,GEN-20260815T120000Z-bcb100dcba34,POSTGRES_DIGITAL
4296823164992472,1000129,20260514,0,0,359664538,1,78,1,0,False,,2026-08-15T12:00:00+00:00,GEN-20260815T120000Z-bcb100dcba34,POSTGRES_DIGITAL
4554134937390561,1000130,20250804,0,0,1179591018,1,106,1,0,False,,2026-08-15T12:00:00+00:00,GEN-20260815T120000Z-bcb100dcba34,POSTGRES_DIGITAL
29425445169536,1000131,20260410,0,0,1191153075,1,195,1,0,False,,2026-08-15T12:00:00+00:00,GEN-20260815T120000Z-bcb100dcba34,POSTGRES_DIGITAL
2894794066808662,1000132,20250812,0,0,1179591018,1,111,1,1,False,,2026-08-15T12:00:00+00:00,GEN-20260815T120000Z-bcb100dcba34,POSTGRES_DIGITAL
8202106799119890,1000133,20260703,0,942632375,359664538,1,92,1,1,False,,2026-08-15T12:00:00+00:00,GEN-20260815T120000Z-bcb100dcba34,POSTGRES_DIGITAL
7781741608261055,1000134,20250720,0,0,1191153075,1,17,1,1,False,,2026-08-15T12:00:00+00:00,GEN-20260815T120000Z-bcb100dcba34,POSTGRES_DIGITAL
361170030194398,1000135,20250106,8372406203120246,1288116758,1597652039,1,26,1,0,False,,2026-08-15T12:00:00+00:00,GEN-20260815T120000Z-bcb100dcba34,POSTGRES_DIGITAL
1613368309283178,1000136,20251005,794977933153845,0,1191153075,1,27,1,0,False,,2026-08-15T12:00:00+00:00,GEN-20260815T120000Z-bcb100dcba34,POSTGRES_DIGITAL
5944120284028219,1000137,20260419,7500354694182940,0,1191153075,1,178,1,1,False,,2026-08-15T12:00:00+00:00,GEN-20260815T120000Z-bcb100dcba34,POSTGRES_DIGITAL
7162390848638157,1000138,20250320,0,260443056,854565296,1,99,1,0,False,,2026-08-15T12:00:00+00:00,GEN-20260815T120000Z-bcb100dcba34,POSTGRES_DIGITAL
1362873383856499,1000139,20260706,0,0,1191153075,1,55,1,0,False,,2026-08-15T12:00:00+00:00,GEN-20260815T120000Z-bcb100dcba34,POSTGRES_DIGITAL
33178191487418,1000140,20251017,731624427423375,58564176,854565296,1,65,1,0,False,,2026-08-15T12:00:00+00:00,GEN-20260815T120000Z-bcb100dcba34,POSTGRES_DIGITAL
6265367824556758,1000141,20260301,6949575208326163,0,854565296,1,68,1,1,False,,2026-08-15T12:00:00+00:00,GEN-20260815T120000Z-bcb100dcba34,POSTGRES_DIGITAL
7235562114131867,1000142,20260108,0,0,854565296,1,47,1,1,False,,2026-08-15T12:00:00+00:00,GEN-20260815T120000Z-bcb100dcba34,POSTGRES_DIGITAL
5740437607914719,1000143,20250929,1379634014891341,0,1179591018,1,10,1,1,False,,2026-08-15T12:00:00+00:00,GEN-20260815T120000Z-bcb100dcba34,POSTGRES_DIGITAL
7569773670224779,1000144,20250425,0,0,202702072,1,76,1,1,False,,2026-08-15T12:00:00+00:00,GEN-20260815T120000Z-bcb100dcba34,POSTGRES_DIGITAL
2950269383380275,1000145,20260313,4142859620013041,58564176,202702072,1,12,1,0,False,,2026-08-15T12:00:00+00:00,GEN-20260815T120000Z-bcb100dcba34,POSTGRES_DIGITAL
7221257355541320,1000146,20250424,408753299559953,0,1191153075,1,119,1,1,False,,2026-08-15T12:00:00+00:00,GEN-20260815T120000Z-bcb100dcba34,POSTGRES_DIGITAL
6974753048892991,1000147,20251118,0,58564176,202702072,1,104,1,0,False,,2026-08-15T12:00:00+00:00,GEN-20260815T120000Z-bcb100dcba34,POSTGRES_DIGITAL
7813739591124775,1000148,20260214,0,0,1191153075,1,86,1,1,False,,2026-08-15T12:00:00+00:00,GEN-20260815T120000Z-bcb100dcba34,POSTGRES_DIGITAL
5008993837827030,1000149,20250812,2757805831335922,260443056,854565296,1,69,1,0,False,,2026-08-15T12:00:00+00:00,GEN-20260815T120000Z-bcb100dcba34,POSTGRES_DIGITAL
222183937688347,1000150,20250802,2409169931534460,0,1179591018,1,422,1,1,False,,2026-08-15T12:00:00+00:00,GEN-20260815T120000Z-bcb100dcba34,POSTGRES_DIGITAL
565908225323524,1000151,20250507,7856740392028192,1657128491,359664538,1,25,1,1,False,,2026-08-15T12:00:00+00:00,GEN-20260815T120000Z-bcb100dcba34,POSTGRES_DIGITAL
260750890655384,1000152,20250608,7884962455242156,1032652094,202702072,1,52,1,0,False,,2026-08-15T12:00:00+00:00,GEN-20260815T120000Z-bcb100dcba34,POSTGRES_DIGITAL
1299378569754208,1000153,20250615,2726281251948809,1657128491,854565296,1,216,1,1,False,,2026-08-15T12:00:00+00:00,GEN-20260815T120000Z-bcb100dcba34,POSTGRES_DIGITAL
5857602490553,1000154,20260106,0,973488713,1597652039,1,61,1,1,True,9000085,2026-08-15T12:00:00+00:00,GEN-20260815T120000Z-bcb100dcba34,POSTGRES_DIGITAL
1208864545977606,1000155,20260610,11115131758355,942632375,202702072,1,72,1,1,False,,2026-08-15T12:00:00+00:00,GEN-20260815T120000Z-bcb100dcba34,POSTGRES_DIGITAL
4664979142486239,1000156,20260416,0,58564176,1597652039,1,42,1,1,False,,2026-08-15T12:00:00+00:00,GEN-20260815T120000Z-bcb100dcba34,POSTGRES_DIGITAL
6674112573341504,1000157,20260210,0,58564176,359664538,1,369,1,1,False,,2026-08-15T12:00:00+00:00,GEN-20260815T120000Z-bcb100dcba34,POSTGRES_DIGITAL
6827987978208170,1000158,20260206,0,591997275,1597652039,1,40,1,1,False,,2026-08-15T12:00:00+00:00,GEN-20260815T120000Z-bcb100dcba34,POSTGRES_DIGITAL
2500653343709953,1000159,20250628,1564892274263674,0,1191153075,1,57,1,1,False,,2026-08-15T12:00:00+00:00,GEN-20260815T120000Z-bcb100dcba34,POSTGRES_DIGITAL
5976949542356364,1000160,20250529,0,973488713,359664538,1,150,1,0,False,,2026-08-15T12:00:00+00:00,GEN-20260815T120000Z-bcb100dcba34,POSTGRES_DIGITAL
1652535420260674,1000161,20250723,5479743518798183,58564176,854565296,1,77,1,1,False,,2026-08-15T12:00:00+00:00,GEN-20260815T120000Z-bcb100dcba34,POSTGRES_DIGITAL
4960164719402856,1000162,20250712,0,591997275,1597652039,1,39,1,1,False,,2026-08-15T12:00:00+00:00,GEN-20260815T120000Z-bcb100dcba34,POSTGRES_DIGITAL
5117046130650268,1000163,20250220,0,0,854565296,1,94,1,0,False,,2026-08-15T12:00:00+00:00,GEN-20260815T120000Z-bcb100dcba34,POSTGRES_DIGITAL
2417997723876169,1000164,20250607,731624427423375,0,854565296,1,110,1,0,False,,2026-08-15T12:00:00+00:00,GEN-20260815T120000Z-bcb100dcba34,POSTGRES_DIGITAL
6092338183328335,1000165,20250324,5343910425030456,0,1191153075,1,76,1,1,False,,2026-08-15T12:00:00+00:00,GEN-20260815T120000Z-bcb100dcba34,POSTGRES_DIGITAL
7049541617759132,1000166,20260306,7856740392028192,260443056,1597652039,1,116,1,0,False,,2026-08-15T12:00:00+00:00,GEN-20260815T120000Z-bcb100dcba34,POSTGRES_DIGITAL
670549298863226,1000167,20251225,11115131758355,260443056,854565296,1,731,1,0,False,,2026-08-15T12:00:00+00:00,GEN-20260815T120000Z-bcb100dcba34,POSTGRES_DIGITAL
3187005074147739,1000168,20251114,7856740392028192,0,1191153075,1,36,1,1,False,,2026-08-15T12:00:00+00:00,GEN-20260815T120000Z-bcb100dcba34,POSTGRES_DIGITAL
6654950554351600,1000169,20260212,8731009255192300,942632375,854565296,1,86,1,1,False,,2026-08-15T12:00:00+00:00,GEN-20260815T120000Z-bcb100dcba34,POSTGRES_DIGITAL
826968373865113,1000170,20260626,0,0,1179591018,1,29,1,0,False,,2026-08-15T12:00:00+00:00,GEN-20260815T120000Z-bcb100dcba34,POSTGRES_DIGITAL
3179319239483935,1000171,20250714,3181997951349274,260443056,854565296,1,63,1,0,False,,2026-08-15T12:00:00+00:00,GEN-20260815T120000Z-bcb100dcba34,POSTGRES_DIGITAL
3002875871381619,1000172,20260602,8817168331941856,0,854565296,1,131,1,0,False,,2026-08-15T12:00:00+00:00,GEN-20260815T120000Z-bcb100dcba34,POSTGRES_DIGITAL
5619612260116301,1000173,20260206,2757805831335922,1032652094,854565296,1,29,1,0,False,,2026-08-15T12:00:00+00:00,GEN-20260815T120000Z-bcb100dcba34,POSTGRES_DIGITAL
1521375436871589,1000174,20260131,0,58564176,359664538,1,103,1,0,False,,2026-08-15T12:00:00+00:00,GEN-20260815T120000Z-bcb100dcba34,POSTGRES_DIGITAL
7201639958511649,1000175,20250601,0,942632375,854565296,1,22,1,0,False,,2026-08-15T12:00:00+00:00,GEN-20260815T120000Z-bcb100dcba34,POSTGRES_DIGITAL
8674848859568375,1000176,20260528,0,0,1179591018,1,157,1,1,False,,2026-08-15T12:00:00+00:00,GEN-20260815T120000Z-bcb100dcba34,POSTGRES_DIGITAL
4069646174366352,1000177,20260619,7192464170153370,0,1191153075,1,125,1,0,False,,2026-08-15T12:00:00+00:00,GEN-20260815T120000Z-bcb100dcba34,POSTGRES_DIGITAL
2106008514727438,1000178,20250504,0,0,854565296,1,160,1,0,False,,2026-08-15T12:00:00+00:00,GEN-20260815T120000Z-bcb100dcba34,POSTGRES_DIGITAL
881239143864671,1000179,20250215,0,0,1179591018,1,28,1,1,False,,2026-08-15T12:00:00+00:00,GEN-20260815T120000Z-bcb100dcba34,POSTGRES_DIGITAL
8645733952999882,1000180,20250318,5343910425030456,0,1179591018,1,36,1,1,False,,2026-08-15T12:00:00+00:00,GEN-20260815T120000Z-bcb100dcba34,POSTGRES_DIGITAL
1258098831283765,1000181,20250224,7884962455242156,0,1597652039,1,101,1,0,False,,2026-08-15T12:00:00+00:00,GEN-20260815T120000Z-bcb100dcba34,POSTGRES_DIGITAL
3237198390820376,1000182,20250910,0,942632375,854565296,1,22,1,1,False,,2026-08-15T12:00:00+00:00,GEN-20260815T120000Z-bcb100dcba34,POSTGRES_DIGITAL
3393318707204842,1000183,20250413,0,0,854565296,1,83,1,0,False,,2026-08-15T12:00:00+00:00,GEN-20260815T120000Z-bcb100dcba34,POSTGRES_DIGITAL
3898885278871647,1000184,20251117,2409169931534460,0,1179591018,1,40,1,1,False,,2026-08-15T12:00:00+00:00,GEN-20260815T120000Z-bcb100dcba34,POSTGRES_DIGITAL
166775131403684,1000185,20250403,0,0,359664538,1,56,1,1,False,,2026-08-15T12:00:00+00:00,GEN-20260815T120000Z-bcb100dcba34,POSTGRES_DIGITAL
4222891419611954,1000186,20250628,7225283174107840,260443056,202702072,1,20,1,0,False,,2026-08-15T12:00:00+00:00,GEN-20260815T120000Z-bcb100dcba34,POSTGRES_DIGITAL
4675693839997751,1000187,20250910,7500354694182940,0,854565296,1,65,1,0,False,,2026-08-15T12:00:00+00:00,GEN-20260815T120000Z-bcb100dcba34,POSTGRES_DIGITAL
8480928886754623,1000188,20260506,0,1657128491,359664538,1,38,1,0,False,,2026-08-15T12:00:00+00:00,GEN-20260815T120000Z-bcb100dcba34,POSTGRES_DIGITAL
2127284868132878,1000189,20250512,2557867901969331,0,1191153075,1,35,1,1,False,,2026-08-15T12:00:00+00:00,GEN-20260815T120000Z-bcb100dcba34,POSTGRES_DIGITAL
7288838172133423,1000190,20250401,3181997951349274,260443056,854565296,1,25,1,0,False,,2026-08-15T12:00:00+00:00,GEN-20260815T120000Z-bcb100dcba34,POSTGRES_DIGITAL
3003950900408002,1000191,20250617,0,0,1597652039,1,36,1,0,False,,2026-08-15T12:00:00+00:00,GEN-20260815T120000Z-bcb100dcba34,POSTGRES_DIGITAL
5528501136498442,1000192,20250310,0,0,202702072,1,17,1,0,False,,2026-08-15T12:00:00+00:00,GEN-20260815T120000Z-bcb100dcba34,POSTGRES_DIGITAL
2588886813215586,1000193,20250123,0,58564176,854565296,1,18,1,1,False,,2026-08-15T12:00:00+00:00,GEN-20260815T120000Z-bcb100dcba34,POSTGRES_DIGITAL
3603976081566232,1000194,20251014,11115131758355,1032652094,202702072,1,81,1,1,True,9000115,2026-08-15T12:00:00+00:00,GEN-20260815T120000Z-bcb100dcba34,POSTGRES_DIGITAL
2725358956102653,1000195,20250501,8731009255192300,0,854565296,1,122,1,1,False,,2026-08-15T12:00:00+00:00,GEN-20260815T120000Z-bcb100dcba34,POSTGRES_DIGITAL
3818587283174527,1000196,20250607,0,0,1179591018,1,169,1,1,False,,2026-08-15T12:00:00+00:00,GEN-20260815T120000Z-bcb100dcba34,POSTGRES_DIGITAL
638727900968427,1000197,20260502,0,260443056,359664538,1,142,1,1,False,,2026-08-15T12:00:00+00:00,GEN-20260815T120000Z-bcb100dcba34,POSTGRES_DIGITAL
3577995370726515,1000198,20251221,0,0,1191153075,1,18,1,1,False,,2026-08-15T12:00:00+00:00,GEN-20260815T120000Z-bcb100dcba34,POSTGRES_DIGITAL
1513567008156759,1000199,20250928,0,0,1179591018,1,93,1,1,False,,2026-08-15T12:00:00+00:00,GEN-20260815T120000Z-bcb100dcba34,POSTGRES_DIGITAL
3843277091050402,1000200,20250507,591088753759883,0,1179591018,1,22,1,1,False,,2026-08-15T12:00:00+00:00,GEN-20260815T120000Z-bcb100dcba34,POSTGRES_DIGITAL
5180704245760074,1000201,20260428,2808670043422653,1288116758,202702072,1,44,1,1,False,,2026-08-15T12:00:00+00:00,GEN-20260815T120000Z-bcb100dcba34,POSTGRES_DIGITAL
4459690430829319,1000202,20250515,2808670043422653,0,1179591018,1,134,1,0,False,,2026-08-15T12:00:00+00:00,GEN-20260815T120000Z-bcb100dcba34,POSTGRES_DIGITAL
8495744095962201,1000203,20251116,0,0,1179591018,1,15,1,0,False,,2026-08-15T12:00:00+00:00,GEN-20260815T120000Z-bcb100dcba34,POSTGRES_DIGITAL
8703616174540889,1000204,20250314,0,0,1179591018,1,40,1,1,False,,2026-08-15T12:00:00+00:00,GEN-20260815T120000Z-bcb100dcba34,POSTGRES_DIGITAL
786572707746560,1000205,20250212,0,58564176,1597652039,1,30,1,0,False,,2026-08-15T12:00:00+00:00,GEN-20260815T120000Z-bcb100dcba34,POSTGRES_DIGITAL
4948759315268285,1000206,20250505,794977933153845,942632375,854565296,1,35,1,1,False,,2026-08-15T12:00:00+00:00,GEN-20260815T120000Z-bcb100dcba34,POSTGRES_DIGITAL
4693527258384031,1000207,20251227,0,0,1191153075,1,82,1,0,False,,2026-08-15T12:00:00+00:00,GEN-20260815T120000Z-bcb100dcba34,POSTGRES_DIGITAL
6716416516350935,1000208,20250612,8006566455282513,1288116758,854565296,1,56,1,0,False,,2026-08-15T12:00:00+00:00,GEN-20260815T120000Z-bcb100dcba34,POSTGRES_DIGITAL
3065762094406600,1000209,20250423,0,942632375,359664538,1,27,1,0,False,,2026-08-15T12:00:00+00:00,GEN-20260815T120000Z-bcb100dcba34,POSTGRES_DIGITAL
1328269113366443,1000210,20250708,0,942632375,359664538,1,26,1,0,False,,2026-08-15T12:00:00+00:00,GEN-20260815T120000Z-bcb100dcba34,POSTGRES_DIGITAL
132538900585162,1000211,20250223,0,1288116758,1597652039,1,7,1,1,False,,2026-08-15T12:00:00+00:00,GEN-20260815T120000Z-bcb100dcba34,POSTGRES_DIGITAL
8218067038937021,1000212,20260505,0,0,1191153075,1,82,1,1,False,,2026-08-15T12:00:00+00:00,GEN-20260815T120000Z-bcb100dcba34,POSTGRES_DIGITAL
4555174054232344,1000213,20251030,6949575208326163,0,1191153075,1,114,1,0,False,,2026-08-15T12:00:00+00:00,GEN-20260815T120000Z-bcb100dcba34,POSTGRES_DIGITAL
8243044915450451,1000214,20260626,2757805831335922,0,1179591018,1,252,1,1,False,,2026-08-15T12:00:00+00:00,GEN-20260815T120000Z-bcb100dcba34,POSTGRES_DIGITAL
6587847418898424,1000215,20260617,0,260443056,1597652039,1,64,1,1,False,,2026-08-15T12:00:00+00:00,GEN-20260815T120000Z-bcb100dcba34,POSTGRES_DIGITAL
3465288360864375,1000216,20251222,0,973488713,359664538,1,71,1,0,False,,2026-08-15T12:00:00+00:00,GEN-20260815T120000Z-bcb100dcba34,POSTGRES_DIGITAL
3781075420745936,1000217,20250622,0,58564176,359664538,1,78,1,1,False,,2026-08-15T12:00:00+00:00,GEN-20260815T120000Z-bcb100dcba34,POSTGRES_DIGITAL
3110634555626315,1000218,20251125,0,0,1191153075,1,153,1,1,False,,2026-08-15T12:00:00+00:00,GEN-20260815T120000Z-bcb100dcba34,POSTGRES_DIGITAL
3280282320359522,1000219,20260424,7458558497773169,0,359664538,1,101,1,0,False,,2026-08-15T12:00:00+00:00,GEN-20260815T120000Z-bcb100dcba34,POSTGRES_DIGITAL
7031791644680104,1000220,20251104,7856740392028192,1288116758,854565296,1,22,1,1,False,,2026-08-15T12:00:00+00:00,GEN-20260815T120000Z-bcb100dcba34,POSTGRES_DIGITAL
5166627369390953,1000221,20260409,0,942632375,359664538,1,122,1,1,True,9000047,2026-08-15T12:00:00+00:00,GEN-20260815T120000Z-bcb100dcba34,POSTGRES_DIGITAL
3256367214949596,1000222,20250211,0,942632375,1597652039,1,96,1,1,False,,2026-08-15T12:00:00+00:00,GEN-20260815T120000Z-bcb100dcba34,POSTGRES_DIGITAL
4350482828175903,1000223,20250811,8417110578117605,973488713,359664538,1,486,1,0,False,,2026-08-15T12:00:00+00:00,GEN-20260815T120000Z-bcb100dcba34,POSTGRES_DIGITAL
671700441252256,1000224,20251205,0,1657128491,202702072,1,51,1,0,False,,2026-08-15T12:00:00+00:00,GEN-20260815T120000Z-bcb100dcba34,POSTGRES_DIGITAL
3460662497231630,1000225,20260312,8731009255192300,0,1191153075,1,45,1,1,False,,2026-08-15T12:00:00+00:00,GEN-20260815T120000Z-bcb100dcba34,POSTGRES_DIGITAL
5628628419087833,1000226,20260505,0,0,1191153075,1,85,1,0,False,,2026-08-15T12:00:00+00:00,GEN-20260815T120000Z-bcb100dcba34,POSTGRES_DIGITAL
5913967516069356,1000227,20250318,0,1657128491,202702072,1,15,1,1,False,,2026-08-15T12:00:00+00:00,GEN-20260815T120000Z-bcb100dcba34,POSTGRES_DIGITAL
1852474617238417,1000228,20260728,3181997951349274,1288116758,359664538,1,306,1,0,False,,2026-08-15T12:00:00+00:00,GEN-20260815T120000Z-bcb100dcba34,POSTGRES_DIGITAL
7478916267268943,1000229,20260420,8006566455282513,591997275,854565296,1,121,1,1,False,,2026-08-15T12:00:00+00:00,GEN-20260815T120000Z-bcb100dcba34,POSTGRES_DIGITAL
3006237535102362,1000230,20250124,8731009255192300,0,1179591018,1,33,1,0,False,,2026-08-15T12:00:00+00:00,GEN-20260815T120000Z-bcb100dcba34,POSTGRES_DIGITAL
1236275459548686,1000231,20250114,0,0,1191153075,1,83,1,1,False,,2026-08-15T12:00:00+00:00,GEN-20260815T120000Z-bcb100dcba34,POSTGRES_DIGITAL
8792418179473270,1000232,20260524,7270340442903482,1032652094,854565296,1,134,1,0,False,,2026-08-15T12:00:00+00:00,GEN-20260815T120000Z-bcb100dcba34,POSTGRES_DIGITAL
2589392085724351,1000233,20260205,0,0,854565296,1,62,1,1,False,,2026-08-15T12:00:00+00:00,GEN-20260815T120000Z-bcb100dcba34,POSTGRES_DIGITAL
8431973048005820,1000234,20250626,5343910425030456,0,1179591018,1,46,1,1,False,,2026-08-15T12:00:00+00:00,GEN-20260815T120000Z-bcb100dcba34,POSTGRES_DIGITAL
8803499263475465,1000235,20260424,8417110578117605,591997275,1597652039,1,53,1,1,False,,2026-08-15T12:00:00+00:00,GEN-20260815T120000Z-bcb100dcba34,POSTGRES_DIGITAL
5828980301528451,1000236,20250321,0,1657128491,854565296,1,92,1,0,False,,2026-08-15T12:00:00+00:00,GEN-20260815T120000Z-bcb100dcba34,POSTGRES_DIGITAL
5030501892556611,1000237,20250815,0,0,1191153075,1,33,1,0,False,,2026-08-15T12:00:00+00:00,GEN-20260815T120000Z-bcb100dcba34,POSTGRES_DIGITAL
5400288955061313,1000238,20250529,0,260443056,202702072,1,24,1,0,False,,2026-08-15T12:00:00+00:00,GEN-20260815T120000Z-bcb100dcba34,POSTGRES_DIGITAL
2796982345928718,1000239,20250821,0,591997275,1597652039,1,88,1,0,False,,2026-08-15T12:00:00+00:00,GEN-20260815T120000Z-bcb100dcba34,POSTGRES_DIGITAL
8122435022877914,1000240,20250615,731624427423375,0,1179591018,1,33,1,1,False,,2026-08-15T12:00:00+00:00,GEN-20260815T120000Z-bcb100dcba34,POSTGRES_DIGITAL
1340389122682865,1000241,20250330,4142859620013041,1657128491,359664538,1,73,1,1,False,,2026-08-15T12:00:00+00:00,GEN-20260815T120000Z-bcb100dcba34,POSTGRES_DIGITAL
4385190077579380,1000242,20251107,0,591997275,854565296,1,91,1,0,False,,2026-08-15T12:00:00+00:00,GEN-20260815T120000Z-bcb100dcba34,POSTGRES_DIGITAL
5309219393224899,1000243,20260613,0,1288116758,1597652039,1,37,1,1,False,,2026-08-15T12:00:00+00:00,GEN-20260815T120000Z-bcb100dcba34,POSTGRES_DIGITAL
2302608887879245,1000244,20250207,0,0,1179591018,1,53,1,0,False,,2026-08-15T12:00:00+00:00,GEN-20260815T120000Z-bcb100dcba34,POSTGRES_DIGITAL
7986969417420356,1000245,20260618,2757805831335922,0,1191153075,1,56,1,1,True,9000189,2026-08-15T12:00:00+00:00,GEN-20260815T120000Z-bcb100dcba34,POSTGRES_DIGITAL
1284855849001569,1000246,20250621,0,1288116758,854565296,1,96,1,0,False,,2026-08-15T12:00:00+00:00,GEN-20260815T120000Z-bcb100dcba34,POSTGRES_DIGITAL
2861282142340521,1000247,20251019,0,260443056,854565296,1,57,1,0,False,,2026-08-15T12:00:00+00:00,GEN-20260815T120000Z-bcb100dcba34,POSTGRES_DIGITAL
2376010745286056,1000248,20260309,0,0,1191153075,1,45,1,1,False,,2026-08-15T12:00:00+00:00,GEN-20260815T120000Z-bcb100dcba34,POSTGRES_DIGITAL
2509998820009605,1000249,20251207,2067625431330998,942632375,1597652039,1,107,1,0,False,,2026-08-15T12:00:00+00:00,GEN-20260815T120000Z-bcb100dcba34,POSTGRES_DIGITAL
400136781341613,1000250,20260405,0,1032652094,359664538,1,161,1,1,False,,2026-08-15T12:00:00+00:00,GEN-20260815T120000Z-bcb100dcba34,POSTGRES_DIGITAL
252984639220943,1000251,20260603,0,0,854565296,1,53,1,1,True,9000004,2026-08-15T12:00:00+00:00,GEN-20260815T120000Z-bcb100dcba34,POSTGRES_DIGITAL
574320660878120,1000252,20260129,0,260443056,359664538,1,218,1,0,False,,2026-08-15T12:00:00+00:00,GEN-20260815T120000Z-bcb100dcba34,POSTGRES_DIGITAL
7160303709257064,1000253,20250802,11115131758355,1032652094,854565296,1,45,1,1,False,,2026-08-15T12:00:00+00:00,GEN-20260815T120000Z-bcb100dcba34,POSTGRES_DIGITAL
6084717617176265,1000254,20251130,794977933153845,1288116758,1597652039,1,19,1,0,False,,2026-08-15T12:00:00+00:00,GEN-20260815T120000Z-bcb100dcba34,POSTGRES_DIGITAL
8166979968013070,1000255,20260424,0,1288116758,359664538,1,196,1,0,False,,2026-08-15T12:00:00+00:00,GEN-20260815T120000Z-bcb100dcba34,POSTGRES_DIGITAL
6436216464517024,1000256,20250713,0,0,359664538,1,33,1,1,False,,2026-08-15T12:00:00+00:00,GEN-20260815T120000Z-bcb100dcba34,POSTGRES_DIGITAL
1926443075655985,1000257,20250731,0,0,1191153075,1,49,1,1,False,,2026-08-15T12:00:00+00:00,GEN-20260815T120000Z-bcb100dcba34,POSTGRES_DIGITAL
1753502635396749,1000258,20250922,0,1657128491,359664538,1,59,1,1,False,,2026-08-15T12:00:00+00:00,GEN-20260815T120000Z-bcb100dcba34,POSTGRES_DIGITAL
3319445153959992,1000259,20250822,2067625431330998,0,1179591018,1,35,1,1,False,,2026-08-15T12:00:00+00:00,GEN-20260815T120000Z-bcb100dcba34,POSTGRES_DIGITAL
3583044044387920,1000260,20260209,2409169931534460,0,1191153075,1,126,1,1,False,,2026-08-15T12:00:00+00:00,GEN-20260815T120000Z-bcb100dcba34,POSTGRES_DIGITAL
733399935642917,1000261,20260217,7104990232996649,0,1191153075,1,19,1,1,False,,2026-08-15T12:00:00+00:00,GEN-20260815T120000Z-bcb100dcba34,POSTGRES_DIGITAL
2168299464304661,1000262,20260709,591088753759883,0,1179591018,1,13,1,0,False,,2026-08-15T12:00:00+00:00,GEN-20260815T120000Z-bcb100dcba34,POSTGRES_DIGITAL
220593549179994,1000263,20251211,7313078781324406,0,1191153075,1,63,1,0,False,,2026-08-15T12:00:00+00:00,GEN-20260815T120000Z-bcb100dcba34,POSTGRES_DIGITAL
939823758747586,1000264,20250502,0,973488713,1597652039,1,44,1,0,False,,2026-08-15T12:00:00+00:00,GEN-20260815T120000Z-bcb100dcba34,POSTGRES_DIGITAL
345277944308085,1000265,20250717,0,0,359664538,1,97,1,1,True,9000034,2026-08-15T12:00:00+00:00,GEN-20260815T120000Z-bcb100dcba34,POSTGRES_DIGITAL
6815462076554352,1000266,20250227,0,0,1179591018,1,13,1,1,True,9000034,2026-08-15T12:00:00+00:00,GEN-20260815T120000Z-bcb100dcba34,POSTGRES_DIGITAL
5325028263854715,1000267,20260209,0,0,1179591018,1,58,1,0,False,,2026-08-15T12:00:00+00:00,GEN-20260815T120000Z-bcb100dcba34,POSTGRES_DIGITAL
7388074479244892,1000268,20250113,408753299559953,0,1179591018,1,22,1,0,False,,2026-08-15T12:00:00+00:00,GEN-20260815T120000Z-bcb100dcba34,POSTGRES_DIGITAL
5697177246391980,1000269,20251012,794977933153845,942632375,359664538,1,51,1,1,False,,2026-08-15T12:00:00+00:00,GEN-20260815T120000Z-bcb100dcba34,POSTGRES_DIGITAL
5205009396031576,1000270,20250520,0,0,1191153075,1,130,1,1,False,,2026-08-15T12:00:00+00:00,GEN-20260815T120000Z-bcb100dcba34,POSTGRES_DIGITAL
6538344005476440,1000271,20260111,0,0,359664538,1,67,1,0,False,,2026-08-15T12:00:00+00:00,GEN-20260815T120000Z-bcb100dcba34,POSTGRES_DIGITAL
7860359506080927,1000272,20260427,3181997951349274,0,1179591018,1,15,1,0,False,,2026-08-15T12:00:00+00:00,GEN-20260815T120000Z-bcb100dcba34,POSTGRES_DIGITAL
6697898913671508,1000273,20260608,0,1032652094,1597652039,1,261,1,1,False,,2026-08-15T12:00:00+00:00,GEN-20260815T120000Z-bcb100dcba34,POSTGRES_DIGITAL
2439466381196363,1000274,20260716,5343910425030456,0,359664538,1,240,1,0,False,,2026-08-15T12:00:00+00:00,GEN-20260815T120000Z-bcb100dcba34,POSTGRES_DIGITAL
1278392525221935,1000275,20250818,1564892274263674,0,1179591018,1,69,1,0,False,,2026-08-15T12:00:00+00:00,GEN-20260815T120000Z-bcb100dcba34,POSTGRES_DIGITAL
5593458014665478,1000276,20250202,0,973488713,854565296,1,32,1,0,False,,2026-08-15T12:00:00+00:00,GEN-20260815T120000Z-bcb100dcba34,POSTGRES_DIGITAL
4712979285136811,1000277,20250525,2409169931534460,1288116758,359664538,1,106,1,0,False,,2026-08-15T12:00:00+00:00,GEN-20260815T120000Z-bcb100dcba34,POSTGRES_DIGITAL
2386938362898666,1000278,20260617,7092616233756724,0,1179591018,1,70,1,1,False,,2026-08-15T12:00:00+00:00,GEN-20260815T120000Z-bcb100dcba34,POSTGRES_DIGITAL
3028841737296528,1000279,20250912,5046657678793971,0,1597652039,1,55,1,1,False,,2026-08-15T12:00:00+00:00,GEN-20260815T120000Z-bcb100dcba34,POSTGRES_DIGITAL
2366737272514883,1000280,20251007,408753299559953,1657128491,202702072,1,76,1,0,False,,2026-08-15T12:00:00+00:00,GEN-20260815T120000Z-bcb100dcba34,POSTGRES_DIGITAL
335207392192789,1000281,20250619,0,58564176,359664538,1,63,1,1,True,9000033,2026-08-15T12:00:00+00:00,GEN-20260815T120000Z-bcb100dcba34,POSTGRES_DIGITAL
2257799936984377,1000282,20260306,6949575208326163,1288116758,854565296,1,172,1,0,False,,2026-08-15T12:00:00+00:00,GEN-20260815T120000Z-bcb100dcba34,POSTGRES_DIGITAL
3026758647262345,1000283,20250716,0,0,1597652039,1,132,1,1,False,,2026-08-15T12:00:00+00:00,GEN-20260815T120000Z-bcb100dcba34,POSTGRES_DIGITAL
3463807578960872,1000284,20250307,0,0,1191153075,1,78,1,0,False,,2026-08-15T12:00:00+00:00,GEN-20260815T120000Z-bcb100dcba34,POSTGRES_DIGITAL
5886440471410340,1000285,20260115,0,260443056,359664538,1,35,1,0,False,,2026-08-15T12:00:00+00:00,GEN-20260815T120000Z-bcb100dcba34,POSTGRES_DIGITAL
8483122892026805,1000286,20260220,0,260443056,1597652039,1,127,1,0,False,,2026-08-15T12:00:00+00:00,GEN-20260815T120000Z-bcb100dcba34,POSTGRES_DIGITAL
7786153187335322,1000287,20260407,731624427423375,0,854565296,1,68,1,0,False,,2026-08-15T12:00:00+00:00,GEN-20260815T120000Z-bcb100dcba34,POSTGRES_DIGITAL
5458865272433758,1000288,20260522,0,0,1179591018,1,119,1,0,False,,2026-08-15T12:00:00+00:00,GEN-20260815T120000Z-bcb100dcba34,POSTGRES_DIGITAL
6888913401839347,1000289,20250907,794977933153845,0,359664538,1,43,1,1,False,,2026-08-15T12:00:00+00:00,GEN-20260815T120000Z-bcb100dcba34,POSTGRES_DIGITAL
1223174685257253,1000290,20250819,0,0,1179591018,1,38,1,1,False,,2026-08-15T12:00:00+00:00,GEN-20260815T120000Z-bcb100dcba34,POSTGRES_DIGITAL
8582430123283378,1000291,20250218,2809224091097357,1657128491,359664538,1,267,1,1,False,,2026-08-15T12:00:00+00:00,GEN-20260815T120000Z-bcb100dcba34,POSTGRES_DIGITAL
7524919049111656,1000292,20250520,0,0,359664538,1,32,1,0,False,,2026-08-15T12:00:00+00:00,GEN-20260815T120000Z-bcb100dcba34,POSTGRES_DIGITAL
8422151380969544,1000293,20260606,408753299559953,973488713,202702072,1,161,1,0,False,,2026-08-15T12:00:00+00:00,GEN-20260815T120000Z-bcb100dcba34,POSTGRES_DIGITAL
5545019772420203,1000294,20251231,0,0,1179591018,1,42,1,0,False,,2026-08-15T12:00:00+00:00,GEN-20260815T120000Z-bcb100dcba34,POSTGRES_DIGITAL
3811434030467956,1000295,20260403,0,0,1179591018,1,77,1,1,False,,2026-08-15T12:00:00+00:00,GEN-20260815T120000Z-bcb100dcba34,POSTGRES_DIGITAL
2432782187264737,1000296,20251208,0,942632375,359664538,1,121,1,0,False,,2026-08-15T12:00:00+00:00,GEN-20260815T120000Z-bcb100dcba34,POSTGRES_DIGITAL
3570990904240855,1000297,20260501,0,0,359664538,1,23,1,0,False,,2026-08-15T12:00:00+00:00,GEN-20260815T120000Z-bcb100dcba34,POSTGRES_DIGITAL
772583111459923,1000298,20251220,7856740392028192,1032652094,854565296,1,95,1,1,False,,2026-08-15T12:00:00+00:00,GEN-20260815T120000Z-bcb100dcba34,POSTGRES_DIGITAL
569191134445533,1000299,20250615,0,58564176,854565296,1,116,1,1,False,,2026-08-15T12:00:00+00:00,GEN-20260815T120000Z-bcb100dcba34,POSTGRES_DIGITAL
449768494342833,1000300,20260403,7192464170153370,0,1179591018,1,151,1,1,False,,2026-08-15T12:00:00+00:00,GEN-20260815T120000Z-bcb100dcba34,POSTGRES_DIGITAL
