sales_key,order_item_id,order_id,order_number,order_date_key,customer_key,product_key,store_key,employee_key,promotion_key,channel_key,quantity,gross_sales_amount,discount_amount,net_sales_amount,tax_amount,unit_cost_amount,cost_of_goods_sold,gross_profit_amount,currency_code,load_timestamp_utc,batch_id,source_system
4905314821790180,10000003,9000003,ORD-009000003,20260130,2067625431330998,6327175657987570,172548094,622601068,0,594711114,1,52.9,0.0,52.9,0.0,20.3,20.3,32.6,USD,2026-08-15T12:00:00+00:00,GEN-20260815T120000Z-bcb100dcba34,CONFORMED
4133631176590340,10000004,9000004,ORD-009000004,20250408,731624427423375,7613645851540336,478277131,0,1816417506,1804690732,1,94.96,4.75,90.21,0.0,36.23,36.23,53.98,USD,2026-08-15T12:00:00+00:00,GEN-20260815T120000Z-bcb100dcba34,CONFORMED
5185253314002417,10000005,9000005,ORD-009000005,20250721,8006566455282513,2828872884913695,172548094,1499355545,1803632588,594711114,1,55.34,8.3,47.04,3.76,28.8,28.8,18.24,USD,2026-08-15T12:00:00+00:00,GEN-20260815T120000Z-bcb100dcba34,CONFORMED
7536494267451758,10000006,9000005,ORD-009000005,20250721,8006566455282513,3246278552185507,172548094,1499355545,1803632588,594711114,1,21.47,2.15,19.32,0.97,7.82,7.82,11.5,USD,2026-08-15T12:00:00+00:00,GEN-20260815T120000Z-bcb100dcba34,CONFORMED
5200411807795617,10000007,9000005,ORD-009000005,20250721,8006566455282513,474492826655179,172548094,1499355545,1803632588,594711114,4,150.52,15.05,135.47,8.13,22.77,91.08,44.39,USD,2026-08-15T12:00:00+00:00,GEN-20260815T120000Z-bcb100dcba34,CONFORMED
5040225904685541,10000008,9000005,ORD-009000005,20250721,8006566455282513,2147509539509020,172548094,1499355545,1803632588,594711114,1,56.51,8.48,48.03,2.88,35.78,35.78,12.25,USD,2026-08-15T12:00:00+00:00,GEN-20260815T120000Z-bcb100dcba34,CONFORMED
5947288466272847,10000009,9000005,ORD-009000005,20250721,8006566455282513,4164323111342627,172548094,1499355545,1803632588,594711114,1,72.76,10.91,61.85,4.95,27.25,27.25,34.6,USD,2026-08-15T12:00:00+00:00,GEN-20260815T120000Z-bcb100dcba34,CONFORMED
3479485020928409,10000010,9000006,ORD-009000006,20241018,7843084264826599,4164323111342627,304722673,0,0,1804690732,3,218.28,0.0,218.28,13.1,27.25,81.75,136.53,USD,2026-08-15T12:00:00+00:00,GEN-20260815T120000Z-bcb100dcba34,CONFORMED
5887323183531711,10000011,9000006,ORD-009000006,20241018,7843084264826599,8143506748174746,304722673,0,0,1804690732,1,104.78,0.0,104.78,6.29,37.65,37.65,67.13,USD,2026-08-15T12:00:00+00:00,GEN-20260815T120000Z-bcb100dcba34,CONFORMED
6247603626464653,10000012,9000006,ORD-009000006,20241018,7843084264826599,6861065333208789,304722673,0,0,1804690732,1,31.3,0.0,31.3,1.88,15.29,15.29,16.01,USD,2026-08-15T12:00:00+00:00,GEN-20260815T120000Z-bcb100dcba34,CONFORMED
4307149774262498,10000013,9000007,ORD-009000007,20251108,1349015784083648,2233084524616562,61058121,0,1803632588,1804690732,1,27.97,1.4,26.57,2.13,16.93,16.93,9.64,USD,2026-08-15T12:00:00+00:00,GEN-20260815T120000Z-bcb100dcba34,CONFORMED
238055977576977,10000014,9000007,ORD-009000007,20251108,1349015784083648,8691581070912008,61058121,0,1803632588,1804690732,1,75.41,7.54,67.87,5.43,28.66,28.66,39.21,USD,2026-08-15T12:00:00+00:00,GEN-20260815T120000Z-bcb100dcba34,CONFORMED
8672398431027217,10000015,9000008,ORD-009000008,20260520,2757805831335922,7782516826468121,304722673,1485370282,0,594711114,1,34.99,0.0,34.99,0.0,13.43,13.43,21.56,USD,2026-08-15T12:00:00+00:00,GEN-20260815T120000Z-bcb100dcba34,CONFORMED
1865899325329871,10000016,9000009,ORD-009000009,20260503,2808670043422653,3032648064728305,172548094,238228206,1803632588,594711114,2,75.14,7.51,67.63,3.38,20.21,40.42,27.21,USD,2026-08-15T12:00:00+00:00,GEN-20260815T120000Z-bcb100dcba34,CONFORMED
5455323143140484,10000017,9000010,ORD-009000010,20250917,1564892274263674,576097166161434,1260600486,1572565631,1963048718,594711114,3,96.72,4.84,91.88,0.0,21.91,65.73,26.15,USD,2026-08-15T12:00:00+00:00,GEN-20260815T120000Z-bcb100dcba34,CONFORMED
3844690212182232,10000018,9000010,ORD-009000010,20250917,1564892274263674,4181652019472531,1260600486,1572565631,1963048718,594711114,2,108.56,5.43,103.13,6.19,33.16,66.32,36.81,USD,2026-08-15T12:00:00+00:00,GEN-20260815T120000Z-bcb100dcba34,CONFORMED
549070773021562,10000019,9000011,ORD-009000011,20260226,731624427423375,5386981819638820,304722673,0,0,1804690732,1,55.14,0.0,55.14,2.76,29.62,29.62,25.52,USD,2026-08-15T12:00:00+00:00,GEN-20260815T120000Z-bcb100dcba34,CONFORMED
128176279524799,10000020,9000011,ORD-009000011,20260226,731624427423375,1766611708860200,304722673,0,0,1804690732,1,19.79,0.0,19.79,0.99,12.54,12.54,7.25,USD,2026-08-15T12:00:00+00:00,GEN-20260815T120000Z-bcb100dcba34,CONFORMED
6070571751947619,10000021,9000011,ORD-009000011,20260226,731624427423375,6861065333208789,304722673,0,0,1804690732,1,31.3,0.0,31.3,1.88,15.29,15.29,16.01,USD,2026-08-15T12:00:00+00:00,GEN-20260815T120000Z-bcb100dcba34,CONFORMED
7573384836529433,10000022,9000012,ORD-009000012,20251004,8006566455282513,7918986721572446,172548094,570015635,1816417506,594711114,1,31.14,1.56,29.58,0.0,16.68,16.68,12.9,USD,2026-08-15T12:00:00+00:00,GEN-20260815T120000Z-bcb100dcba34,CONFORMED
5103424367096973,10000023,9000013,ORD-009000013,20250711,7500354694182940,2147509539509020,61058121,0,0,1804690732,1,56.51,0.0,56.51,3.39,35.78,35.78,20.73,USD,2026-08-15T12:00:00+00:00,GEN-20260815T120000Z-bcb100dcba34,CONFORMED
963436181598617,10000024,9000014,ORD-009000014,20250313,1463022394098365,7613645851540336,478277131,0,1816417506,1804690732,1,94.96,9.5,85.46,5.13,36.23,36.23,49.23,USD,2026-08-15T12:00:00+00:00,GEN-20260815T120000Z-bcb100dcba34,CONFORMED
5063156090397563,10000025,9000014,ORD-009000014,20250313,1463022394098365,3032648064728305,478277131,0,1816417506,1804690732,1,37.57,1.88,35.69,1.78,20.21,20.21,15.48,USD,2026-08-15T12:00:00+00:00,GEN-20260815T120000Z-bcb100dcba34,CONFORMED
1554086754422300,10000026,9000014,ORD-009000014,20250313,1463022394098365,7782516826468121,478277131,0,1816417506,1804690732,2,69.98,10.5,59.48,4.76,13.43,26.86,32.62,USD,2026-08-15T12:00:00+00:00,GEN-20260815T120000Z-bcb100dcba34,CONFORMED
1480410854746863,10000027,9000015,ORD-009000015,20240308,3144616615472082,7613645851540336,172548094,622601068,1803632588,594711114,2,189.92,18.99,170.93,0.0,36.23,72.46,98.47,USD,2026-08-15T12:00:00+00:00,GEN-20260815T120000Z-bcb100dcba34,CONFORMED
8031013235356931,10000028,9000016,ORD-009000016,20260605,3478244574355769,3032648064728305,1260600486,0,1803632588,1804690732,1,37.57,1.88,35.69,2.14,20.21,20.21,15.48,USD,2026-08-15T12:00:00+00:00,GEN-20260815T120000Z-bcb100dcba34,CONFORMED
1672377679083605,10000029,9000016,ORD-009000016,20260605,3478244574355769,7409741828878356,1260600486,0,1803632588,1804690732,1,50.46,7.57,42.89,2.57,27.74,27.74,15.15,USD,2026-08-15T12:00:00+00:00,GEN-20260815T120000Z-bcb100dcba34,CONFORMED
7167348117772599,10000030,9000017,ORD-009000017,20260708,6997281818109721,7613645851540336,1260600486,609360951,0,594711114,1,94.96,0.0,94.96,4.75,36.23,36.23,58.73,USD,2026-08-15T12:00:00+00:00,GEN-20260815T120000Z-bcb100dcba34,CONFORMED
2925285530942922,10000031,9000018,ORD-009000018,20260509,7500354694182940,474492826655179,304722673,1848488672,0,594711114,1,37.63,0.0,37.63,1.88,22.77,22.77,14.86,USD,2026-08-15T12:00:00+00:00,GEN-20260815T120000Z-bcb100dcba34,CONFORMED
2777129048815883,10000032,9000018,ORD-009000018,20260509,7500354694182940,4129016370106678,304722673,1848488672,0,594711114,2,36.3,0.0,36.3,1.81,12.81,25.62,10.68,USD,2026-08-15T12:00:00+00:00,GEN-20260815T120000Z-bcb100dcba34,CONFORMED
3197429687177691,10000033,9000019,ORD-009000019,20260502,7104990232996649,7782516826468121,478277131,0,1963048718,1804690732,2,69.98,7.0,62.98,3.15,13.43,26.86,36.12,USD,2026-08-15T12:00:00+00:00,GEN-20260815T120000Z-bcb100dcba34,CONFORMED
1571463101125975,10000034,9000020,ORD-009000020,20260207,7225283174107840,4164323111342627,478277131,19658864,1963048718,594711114,1,72.76,7.28,65.48,0.0,27.25,27.25,38.23,USD,2026-08-15T12:00:00+00:00,GEN-20260815T120000Z-bcb100dcba34,CONFORMED
4217818103649320,10000035,9000020,ORD-009000020,20260207,7225283174107840,6327175657987570,478277131,19658864,1963048718,594711114,3,158.7,7.93,150.77,9.05,20.3,60.9,89.87,USD,2026-08-15T12:00:00+00:00,GEN-20260815T120000Z-bcb100dcba34,CONFORMED
6415619099569765,10000036,9000021,ORD-009000021,20250911,2409169931534460,8691581070912008,1260600486,0,0,1804690732,3,226.23,0.0,226.23,13.57,28.66,85.98,140.25,USD,2026-08-15T12:00:00+00:00,GEN-20260815T120000Z-bcb100dcba34,CONFORMED
3838205815644215,10000037,9000021,ORD-009000021,20250911,2409169931534460,7409741828878356,1260600486,0,0,1804690732,1,50.46,0.0,50.46,3.03,27.74,27.74,22.72,USD,2026-08-15T12:00:00+00:00,GEN-20260815T120000Z-bcb100dcba34,CONFORMED
4713793262054221,10000038,9000022,ORD-009000022,20260520,794977933153845,4416817951113276,478277131,1576146963,0,594711114,1,17.69,0.0,17.69,0.0,11.26,11.26,6.43,USD,2026-08-15T12:00:00+00:00,GEN-20260815T120000Z-bcb100dcba34,CONFORMED
3359288901238801,10000039,9000022,ORD-009000022,20260520,794977933153845,1766611708860200,478277131,1576146963,0,594711114,1,19.79,0.0,19.79,0.0,12.54,12.54,7.25,USD,2026-08-15T12:00:00+00:00,GEN-20260815T120000Z-bcb100dcba34,CONFORMED
7906006071856166,10000040,9000022,ORD-009000022,20260520,794977933153845,8691581070912008,478277131,1576146963,0,594711114,4,301.64,0.0,301.64,24.13,28.66,114.64,187.0,USD,2026-08-15T12:00:00+00:00,GEN-20260815T120000Z-bcb100dcba34,CONFORMED
1748187030877757,10000041,9000023,ORD-009000023,20240613,2726281251948809,1766611708860200,304722673,765552334,0,594711114,2,39.58,0.0,39.58,0.0,12.54,25.08,14.5,USD,2026-08-15T12:00:00+00:00,GEN-20260815T120000Z-bcb100dcba34,CONFORMED
5055573380104664,10000042,9000024,ORD-009000024,20250411,7458558497773169,2233084524616562,304722673,0,0,1804690732,2,55.94,0.0,55.94,0.0,16.93,33.86,22.08,USD,2026-08-15T12:00:00+00:00,GEN-20260815T120000Z-bcb100dcba34,CONFORMED
5261016114047923,10000043,9000024,ORD-009000024,20250411,7458558497773169,5154982643078032,304722673,0,0,1804690732,1,33.78,0.0,33.78,1.69,21.73,21.73,12.05,USD,2026-08-15T12:00:00+00:00,GEN-20260815T120000Z-bcb100dcba34,CONFORMED
2828685842724735,10000044,9000024,ORD-009000024,20250411,7458558497773169,6470234594172962,304722673,0,0,1804690732,1,36.17,0.0,36.17,2.89,18.38,18.38,17.79,USD,2026-08-15T12:00:00+00:00,GEN-20260815T120000Z-bcb100dcba34,CONFORMED
6249828398260959,10000045,9000025,ORD-009000025,20240204,2726281251948809,6861065333208789,172548094,0,1963048718,1804690732,1,31.3,1.57,29.73,1.49,15.29,15.29,14.44,USD,2026-08-15T12:00:00+00:00,GEN-20260815T120000Z-bcb100dcba34,CONFORMED
7843815831842585,10000046,9000026,ORD-009000026,20250721,11115131758355,6327175657987570,1260600486,0,0,1804690732,1,52.9,0.0,52.9,2.65,20.3,20.3,32.6,USD,2026-08-15T12:00:00+00:00,GEN-20260815T120000Z-bcb100dcba34,CONFORMED
6543590342918878,10000047,9000027,ORD-009000027,20240204,3899956267246929,4181652019472531,1260600486,253917679,1816417506,594711114,3,162.84,24.43,138.41,0.0,33.16,99.48,38.93,USD,2026-08-15T12:00:00+00:00,GEN-20260815T120000Z-bcb100dcba34,CONFORMED
8427406021630025,10000048,9000027,ORD-009000027,20240204,3899956267246929,6470234594172962,1260600486,253917679,1816417506,594711114,1,36.17,5.43,30.74,1.54,18.38,18.38,12.36,USD,2026-08-15T12:00:00+00:00,GEN-20260815T120000Z-bcb100dcba34,CONFORMED
2628299965582593,10000049,9000028,ORD-009000028,20260714,8372406203120246,4549899389918930,478277131,0,0,1804690732,2,97.34,0.0,97.34,7.79,34.72,69.44,27.9,USD,2026-08-15T12:00:00+00:00,GEN-20260815T120000Z-bcb100dcba34,CONFORMED
4696651696635861,10000050,9000028,ORD-009000028,20260714,8372406203120246,4129016370106678,478277131,0,0,1804690732,1,18.15,0.0,18.15,1.09,12.81,12.81,5.34,USD,2026-08-15T12:00:00+00:00,GEN-20260815T120000Z-bcb100dcba34,CONFORMED
2628482999540765,10000051,9000028,ORD-009000028,20260714,8372406203120246,6470234594172962,478277131,0,0,1804690732,1,36.17,0.0,36.17,1.81,18.38,18.38,17.79,USD,2026-08-15T12:00:00+00:00,GEN-20260815T120000Z-bcb100dcba34,CONFORMED
8427528467895182,10000052,9000028,ORD-009000028,20260714,8372406203120246,4416817951113276,478277131,0,0,1804690732,1,17.69,0.0,17.69,0.0,11.26,11.26,6.43,USD,2026-08-15T12:00:00+00:00,GEN-20260815T120000Z-bcb100dcba34,CONFORMED
2154883590808828,10000053,9000029,ORD-009000029,20260402,794977933153845,3246278552185507,172548094,1499355545,1963048718,594711114,1,21.47,3.22,18.25,0.0,7.82,7.82,10.43,USD,2026-08-15T12:00:00+00:00,GEN-20260815T120000Z-bcb100dcba34,CONFORMED
1878698575441448,10000054,9000030,ORD-009000030,20250802,3131118517250449,4549899389918930,61058121,0,1816417506,1804690732,1,48.67,4.87,43.8,3.5,34.72,34.72,9.08,USD,2026-08-15T12:00:00+00:00,GEN-20260815T120000Z-bcb100dcba34,CONFORMED
4212731607326497,10000055,9000030,ORD-009000030,20250802,3131118517250449,7409741828878356,61058121,0,1816417506,1804690732,3,151.38,22.71,128.67,10.29,27.74,83.22,45.45,USD,2026-08-15T12:00:00+00:00,GEN-20260815T120000Z-bcb100dcba34,CONFORMED
5841318419694108,10000056,9000030,ORD-009000030,20250802,3131118517250449,6327175657987570,61058121,0,1816417506,1804690732,1,52.9,5.29,47.61,2.86,20.3,20.3,27.31,USD,2026-08-15T12:00:00+00:00,GEN-20260815T120000Z-bcb100dcba34,CONFORMED
4426639682457570,10000057,9000030,ORD-009000030,20250802,3131118517250449,1766611708860200,61058121,0,1816417506,1804690732,2,39.58,1.98,37.6,0.0,12.54,25.08,12.52,USD,2026-08-15T12:00:00+00:00,GEN-20260815T120000Z-bcb100dcba34,CONFORMED
6839072761457783,10000058,9000031,ORD-009000031,20240420,8817168331941856,474492826655179,478277131,1576146963,0,594711114,1,37.63,0.0,37.63,0.0,22.77,22.77,14.86,USD,2026-08-15T12:00:00+00:00,GEN-20260815T120000Z-bcb100dcba34,CONFORMED
8881088695995111,10000059,9000032,ORD-009000032,20260722,6997281818109721,5386981819638820,304722673,0,1816417506,1804690732,1,55.14,5.51,49.63,0.0,29.62,29.62,20.01,USD,2026-08-15T12:00:00+00:00,GEN-20260815T120000Z-bcb100dcba34,CONFORMED
6805647262073888,10000060,9000032,ORD-009000032,20260722,6997281818109721,3716282090193685,304722673,0,1816417506,1804690732,1,84.25,12.64,71.61,4.3,32.51,32.51,39.1,USD,2026-08-15T12:00:00+00:00,GEN-20260815T120000Z-bcb100dcba34,CONFORMED
2367405258702239,10000061,9000032,ORD-009000032,20260722,6997281818109721,576097166161434,304722673,0,1816417506,1804690732,1,32.24,1.61,30.63,1.84,21.91,21.91,8.72,USD,2026-08-15T12:00:00+00:00,GEN-20260815T120000Z-bcb100dcba34,CONFORMED
3057080085172329,10000062,9000032,ORD-009000032,20260722,6997281818109721,6861065333208789,304722673,0,1816417506,1804690732,2,62.6,9.39,53.21,3.19,15.29,30.58,22.63,USD,2026-08-15T12:00:00+00:00,GEN-20260815T120000Z-bcb100dcba34,CONFORMED
7097448454402493,10000063,9000033,ORD-009000033,20260228,2757805831335922,7782516826468121,61058121,0,1803632588,1804690732,1,34.99,5.25,29.74,2.38,13.43,13.43,16.31,USD,2026-08-15T12:00:00+00:00,GEN-20260815T120000Z-bcb100dcba34,CONFORMED
5761452197084515,10000064,9000033,ORD-009000033,20260228,2757805831335922,3032648064728305,61058121,0,1803632588,1804690732,1,37.57,5.64,31.93,1.6,20.21,20.21,11.72,USD,2026-08-15T12:00:00+00:00,GEN-20260815T120000Z-bcb100dcba34,CONFORMED
518922178809195,10000065,9000034,ORD-009000034,20240921,7458558497773169,7782516826468121,172548094,0,1963048718,1804690732,2,69.98,10.5,59.48,2.97,13.43,26.86,32.62,USD,2026-08-15T12:00:00+00:00,GEN-20260815T120000Z-bcb100dcba34,CONFORMED
5684072591955751,10000066,9000034,ORD-009000034,20240921,7458558497773169,7409741828878356,172548094,0,1963048718,1804690732,1,50.46,7.57,42.89,3.43,27.74,27.74,15.15,USD,2026-08-15T12:00:00+00:00,GEN-20260815T120000Z-bcb100dcba34,CONFORMED
3028952377062953,10000067,9000035,ORD-009000035,20250905,1789297717188187,2147509539509020,478277131,0,0,1804690732,1,56.51,0.0,56.51,2.83,35.78,35.78,20.73,USD,2026-08-15T12:00:00+00:00,GEN-20260815T120000Z-bcb100dcba34,CONFORMED
4868168368253656,10000068,9000036,ORD-009000036,20250125,3131118517250449,7664493151913903,172548094,622601068,1803632588,594711114,1,38.33,3.83,34.5,2.76,17.8,17.8,16.7,USD,2026-08-15T12:00:00+00:00,GEN-20260815T120000Z-bcb100dcba34,CONFORMED
6396895317278289,10000069,9000036,ORD-009000036,20250125,3131118517250449,1766611708860200,172548094,622601068,1803632588,594711114,1,19.79,2.97,16.82,1.35,12.54,12.54,4.28,USD,2026-08-15T12:00:00+00:00,GEN-20260815T120000Z-bcb100dcba34,CONFORMED
8368925155311149,10000070,9000037,ORD-009000037,20260718,2409169931534460,4549899389918930,61058121,120292384,1963048718,594711114,1,48.67,4.87,43.8,2.63,34.72,34.72,9.08,USD,2026-08-15T12:00:00+00:00,GEN-20260815T120000Z-bcb100dcba34,CONFORMED
4853740194262867,10000071,9000037,ORD-009000037,20260718,2409169931534460,4604252301016453,61058121,120292384,1963048718,594711114,2,65.16,9.77,55.39,2.77,17.78,35.56,19.83,USD,2026-08-15T12:00:00+00:00,GEN-20260815T120000Z-bcb100dcba34,CONFORMED
363201101579122,10000072,9000038,ORD-009000038,20260527,7884962455242156,4164323111342627,304722673,1485370282,0,594711114,3,218.28,0.0,218.28,0.0,27.25,81.75,136.53,USD,2026-08-15T12:00:00+00:00,GEN-20260815T120000Z-bcb100dcba34,CONFORMED
3812108672976193,10000073,9000038,ORD-009000038,20260527,7884962455242156,1766611708860200,304722673,1485370282,0,594711114,1,19.79,0.0,19.79,1.58,12.54,12.54,7.25,USD,2026-08-15T12:00:00+00:00,GEN-20260815T120000Z-bcb100dcba34,CONFORMED
1413873546615739,10000074,9000038,ORD-009000038,20260527,7884962455242156,7918986721572446,304722673,1485370282,0,594711114,2,62.28,0.0,62.28,3.11,16.68,33.36,28.92,USD,2026-08-15T12:00:00+00:00,GEN-20260815T120000Z-bcb100dcba34,CONFORMED
2619864854858343,10000075,9000039,ORD-009000039,20260530,2557867901969331,7664493151913903,1260600486,1570779588,1963048718,594711114,1,38.33,3.83,34.5,1.73,17.8,17.8,16.7,USD,2026-08-15T12:00:00+00:00,GEN-20260815T120000Z-bcb100dcba34,CONFORMED
4454213651365268,10000076,9000040,ORD-009000040,20251116,3026491895390511,7613645851540336,304722673,0,1803632588,1804690732,2,189.92,28.49,161.43,9.69,36.23,72.46,88.97,USD,2026-08-15T12:00:00+00:00,GEN-20260815T120000Z-bcb100dcba34,CONFORMED
6192702241367091,10000077,9000040,ORD-009000040,20251116,3026491895390511,3246278552185507,304722673,0,1803632588,1804690732,1,21.47,1.07,20.4,0.0,7.82,7.82,12.58,USD,2026-08-15T12:00:00+00:00,GEN-20260815T120000Z-bcb100dcba34,CONFORMED
4531519319348429,10000078,9000040,ORD-009000040,20251116,3026491895390511,4181652019472531,304722673,0,1803632588,1804690732,1,54.28,8.14,46.14,2.31,33.16,33.16,12.98,USD,2026-08-15T12:00:00+00:00,GEN-20260815T120000Z-bcb100dcba34,CONFORMED
3948451242244162,10000079,9000041,ORD-009000041,20260606,2808670043422653,386796752073287,61058121,0,0,1804690732,2,270.92,0.0,270.92,0.0,58.61,117.22,153.7,USD,2026-08-15T12:00:00+00:00,GEN-20260815T120000Z-bcb100dcba34,CONFORMED
5819547994425123,10000080,9000042,ORD-009000042,20260211,3229332174784763,5386981819638820,61058121,1324304037,1963048718,594711114,1,55.14,5.51,49.63,2.98,29.62,29.62,20.01,USD,2026-08-15T12:00:00+00:00,GEN-20260815T120000Z-bcb100dcba34,CONFORMED
5797250843641162,10000081,9000043,ORD-009000043,20251014,2067625431330998,3032648064728305,304722673,0,1816417506,1804690732,2,75.14,7.51,67.63,4.06,20.21,40.42,27.21,USD,2026-08-15T12:00:00+00:00,GEN-20260815T120000Z-bcb100dcba34,CONFORMED
2006132015098162,10000082,9000043,ORD-009000043,20251014,2067625431330998,3966191321720857,304722673,0,1816417506,1804690732,1,140.14,14.01,126.13,0.0,69.19,69.19,56.94,USD,2026-08-15T12:00:00+00:00,GEN-20260815T120000Z-bcb100dcba34,CONFORMED
6610198019131043,10000083,9000043,ORD-009000043,20251014,2067625431330998,3716282090193685,304722673,0,1816417506,1804690732,1,84.25,12.64,71.61,3.58,32.51,32.51,39.1,USD,2026-08-15T12:00:00+00:00,GEN-20260815T120000Z-bcb100dcba34,CONFORMED
815472457465946,10000084,9000043,ORD-009000043,20251014,2067625431330998,4164323111342627,304722673,0,1816417506,1804690732,2,145.52,7.28,138.24,0.0,27.25,54.5,83.74,USD,2026-08-15T12:00:00+00:00,GEN-20260815T120000Z-bcb100dcba34,CONFORMED
3189004947220623,10000085,9000044,ORD-009000044,20250409,7843084264826599,3966191321720857,172548094,622601068,1963048718,594711114,2,280.28,28.03,252.25,0.0,69.19,138.38,113.87,USD,2026-08-15T12:00:00+00:00,GEN-20260815T120000Z-bcb100dcba34,CONFORMED
1981216890569711,10000086,9000044,ORD-009000044,20250409,7843084264826599,2147509539509020,172548094,622601068,1963048718,594711114,2,113.02,16.95,96.07,4.8,35.78,71.56,24.51,USD,2026-08-15T12:00:00+00:00,GEN-20260815T120000Z-bcb100dcba34,CONFORMED
742881623675558,10000087,9000044,ORD-009000044,20250409,7843084264826599,1766611708860200,172548094,622601068,1963048718,594711114,1,19.79,2.97,16.82,1.35,12.54,12.54,4.28,USD,2026-08-15T12:00:00+00:00,GEN-20260815T120000Z-bcb100dcba34,CONFORMED
4619947569056632,10000088,9000045,ORD-009000045,20251108,7225283174107840,4164323111342627,172548094,0,0,1804690732,1,72.76,0.0,72.76,4.37,27.25,27.25,45.51,USD,2026-08-15T12:00:00+00:00,GEN-20260815T120000Z-bcb100dcba34,CONFORMED
1589672102533388,10000089,9000045,ORD-009000045,20251108,7225283174107840,3966191321720857,172548094,0,0,1804690732,1,140.14,0.0,140.14,11.21,69.19,69.19,70.95,USD,2026-08-15T12:00:00+00:00,GEN-20260815T120000Z-bcb100dcba34,CONFORMED
3246966885058717,10000090,9000045,ORD-009000045,20251108,7225283174107840,3032648064728305,172548094,0,0,1804690732,1,37.57,0.0,37.57,3.01,20.21,20.21,17.36,USD,2026-08-15T12:00:00+00:00,GEN-20260815T120000Z-bcb100dcba34,CONFORMED
2075838368063943,10000091,9000046,ORD-009000046,20251226,1789297717188187,6470234594172962,61058121,1627569744,0,594711114,1,36.17,0.0,36.17,0.0,18.38,18.38,17.79,USD,2026-08-15T12:00:00+00:00,GEN-20260815T120000Z-bcb100dcba34,CONFORMED
6875142145270820,10000092,9000046,ORD-009000046,20251226,1789297717188187,1766611708860200,61058121,1627569744,0,594711114,1,19.79,0.0,19.79,0.0,12.54,12.54,7.25,USD,2026-08-15T12:00:00+00:00,GEN-20260815T120000Z-bcb100dcba34,CONFORMED
2057552875945489,10000093,9000046,ORD-009000046,20251226,1789297717188187,3966191321720857,61058121,1627569744,0,594711114,2,280.28,0.0,280.28,16.82,69.19,138.38,141.9,USD,2026-08-15T12:00:00+00:00,GEN-20260815T120000Z-bcb100dcba34,CONFORMED
3338889704849902,10000094,9000046,ORD-009000046,20251226,1789297717188187,7918986721572446,61058121,1627569744,0,594711114,1,31.14,0.0,31.14,2.49,16.68,16.68,14.46,USD,2026-08-15T12:00:00+00:00,GEN-20260815T120000Z-bcb100dcba34,CONFORMED
4896112572675474,10000095,9000047,ORD-009000047,20260415,11115131758355,4181652019472531,61058121,0,0,1804690732,2,108.56,0.0,108.56,6.51,33.16,66.32,42.24,USD,2026-08-15T12:00:00+00:00,GEN-20260815T120000Z-bcb100dcba34,CONFORMED
4445358921930173,10000096,9000047,ORD-009000047,20260415,11115131758355,7918986721572446,61058121,0,0,1804690732,2,62.28,0.0,62.28,3.74,16.68,33.36,28.92,USD,2026-08-15T12:00:00+00:00,GEN-20260815T120000Z-bcb100dcba34,CONFORMED
2677702288084097,10000097,9000047,ORD-009000047,20260415,11115131758355,386796752073287,61058121,0,0,1804690732,1,135.46,0.0,135.46,8.13,58.61,58.61,76.85,USD,2026-08-15T12:00:00+00:00,GEN-20260815T120000Z-bcb100dcba34,CONFORMED
3716258148482511,10000098,9000048,ORD-009000048,20260703,7225283174107840,7782516826468121,172548094,238228206,1803632588,594711114,1,34.99,1.75,33.24,0.0,13.43,13.43,19.81,USD,2026-08-15T12:00:00+00:00,GEN-20260815T120000Z-bcb100dcba34,CONFORMED
5087049574987130,10000099,9000049,ORD-009000049,20260626,6623635678311631,6861065333208789,172548094,1499355545,0,594711114,2,62.6,0.0,62.6,0.0,15.29,30.58,32.02,USD,2026-08-15T12:00:00+00:00,GEN-20260815T120000Z-bcb100dcba34,CONFORMED
1037477151688185,10000100,9000049,ORD-009000049,20260626,6623635678311631,4181652019472531,172548094,1499355545,0,594711114,1,54.28,0.0,54.28,2.71,33.16,33.16,21.12,USD,2026-08-15T12:00:00+00:00,GEN-20260815T120000Z-bcb100dcba34,CONFORMED
2179338190727578,10000101,9000050,ORD-009000050,20260124,5343910425030456,7664493151913903,1260600486,0,1816417506,1804690732,1,38.33,5.75,32.58,1.63,17.8,17.8,14.78,USD,2026-08-15T12:00:00+00:00,GEN-20260815T120000Z-bcb100dcba34,CONFORMED
7547696694641010,10000102,9000050,ORD-009000050,20260124,5343910425030456,3246278552185507,1260600486,0,1816417506,1804690732,1,21.47,1.07,20.4,0.0,7.82,7.82,12.58,USD,2026-08-15T12:00:00+00:00,GEN-20260815T120000Z-bcb100dcba34,CONFORMED
2761313191629546,10000103,9000051,ORD-009000051,20251014,2757805831335922,1766611708860200,1260600486,0,1816417506,1804690732,1,19.79,0.99,18.8,1.13,12.54,12.54,6.26,USD,2026-08-15T12:00:00+00:00,GEN-20260815T120000Z-bcb100dcba34,CONFORMED
6180113581675533,10000104,9000051,ORD-009000051,20251014,2757805831335922,3246278552185507,1260600486,0,1816417506,1804690732,2,42.94,2.15,40.79,2.45,7.82,15.64,25.15,USD,2026-08-15T12:00:00+00:00,GEN-20260815T120000Z-bcb100dcba34,CONFORMED
1676637727182913,10000105,9000051,ORD-009000051,20251014,2757805831335922,576097166161434,1260600486,0,1816417506,1804690732,1,32.24,1.61,30.63,1.53,21.91,21.91,8.72,USD,2026-08-15T12:00:00+00:00,GEN-20260815T120000Z-bcb100dcba34,CONFORMED
1403188028194255,10000106,9000051,ORD-009000051,20251014,2757805831335922,2233084524616562,1260600486,0,1816417506,1804690732,1,27.97,2.8,25.17,2.01,16.93,16.93,8.24,USD,2026-08-15T12:00:00+00:00,GEN-20260815T120000Z-bcb100dcba34,CONFORMED
309566861857529,10000107,9000051,ORD-009000051,20251014,2757805831335922,5154982643078032,1260600486,0,1816417506,1804690732,1,33.78,5.07,28.71,2.3,21.73,21.73,6.98,USD,2026-08-15T12:00:00+00:00,GEN-20260815T120000Z-bcb100dcba34,CONFORMED
7721394212401012,10000108,9000052,ORD-009000052,20250920,2557867901969331,7409741828878356,478277131,0,1963048718,1804690732,1,50.46,2.52,47.94,3.84,27.74,27.74,20.2,USD,2026-08-15T12:00:00+00:00,GEN-20260815T120000Z-bcb100dcba34,CONFORMED
1695270512279771,10000109,9000053,ORD-009000053,20241103,1379634014891341,8691581070912008,172548094,570015635,0,594711114,1,75.41,0.0,75.41,4.52,28.66,28.66,46.75,USD,2026-08-15T12:00:00+00:00,GEN-20260815T120000Z-bcb100dcba34,CONFORMED
3877016898424079,10000110,9000053,ORD-009000053,20241103,1379634014891341,7613645851540336,172548094,570015635,0,594711114,1,94.96,0.0,94.96,4.75,36.23,36.23,58.73,USD,2026-08-15T12:00:00+00:00,GEN-20260815T120000Z-bcb100dcba34,CONFORMED
3539366224850057,10000111,9000054,ORD-009000054,20260709,2808670043422653,4549899389918930,1260600486,1572565631,1803632588,594711114,1,48.67,2.43,46.24,2.31,34.72,34.72,11.52,USD,2026-08-15T12:00:00+00:00,GEN-20260815T120000Z-bcb100dcba34,CONFORMED
116643487179274,10000112,9000055,ORD-009000055,20250314,731624427423375,5386981819638820,1260600486,0,1963048718,1804690732,1,55.14,5.51,49.63,2.48,29.62,29.62,20.01,USD,2026-08-15T12:00:00+00:00,GEN-20260815T120000Z-bcb100dcba34,CONFORMED
4303306574643417,10000113,9000056,ORD-009000056,20251212,2757805831335922,2233084524616562,478277131,569013073,1803632588,594711114,1,27.97,2.8,25.17,1.26,16.93,16.93,8.24,USD,2026-08-15T12:00:00+00:00,GEN-20260815T120000Z-bcb100dcba34,CONFORMED
8141821316583053,10000114,9000057,ORD-009000057,20241017,8006566455282513,6327175657987570,172548094,0,1803632588,1804690732,1,52.9,2.65,50.25,4.02,20.3,20.3,29.95,USD,2026-08-15T12:00:00+00:00,GEN-20260815T120000Z-bcb100dcba34,CONFORMED
4098604518144597,10000115,9000058,ORD-009000058,20250927,7458558497773169,576097166161434,304722673,0,0,1804690732,1,32.24,0.0,32.24,2.58,21.91,21.91,10.33,USD,2026-08-15T12:00:00+00:00,GEN-20260815T120000Z-bcb100dcba34,CONFORMED
4525156019115812,10000116,9000058,ORD-009000058,20250927,7458558497773169,1766611708860200,304722673,0,0,1804690732,2,39.58,0.0,39.58,3.17,12.54,25.08,14.5,USD,2026-08-15T12:00:00+00:00,GEN-20260815T120000Z-bcb100dcba34,CONFORMED
8281215066905858,10000117,9000058,ORD-009000058,20250927,7458558497773169,2828872884913695,304722673,0,0,1804690732,1,55.34,0.0,55.34,3.32,28.8,28.8,26.54,USD,2026-08-15T12:00:00+00:00,GEN-20260815T120000Z-bcb100dcba34,CONFORMED
2792774073434789,10000118,9000059,ORD-009000059,20240528,7458558497773169,3966191321720857,304722673,2008381844,1803632588,594711114,1,140.14,14.01,126.13,10.09,69.19,69.19,56.94,USD,2026-08-15T12:00:00+00:00,GEN-20260815T120000Z-bcb100dcba34,CONFORMED
5246668140009756,10000119,9000059,ORD-009000059,20240528,7458558497773169,4164323111342627,304722673,2008381844,1803632588,594711114,1,72.76,10.91,61.85,4.95,27.25,27.25,34.6,USD,2026-08-15T12:00:00+00:00,GEN-20260815T120000Z-bcb100dcba34,CONFORMED
2644889738996735,10000120,9000060,ORD-009000060,20240722,1379634014891341,4416817951113276,478277131,0,0,1804690732,2,35.38,0.0,35.38,2.83,11.26,22.52,12.86,USD,2026-08-15T12:00:00+00:00,GEN-20260815T120000Z-bcb100dcba34,CONFORMED
5753756907939493,10000121,9000060,ORD-009000060,20240722,1379634014891341,7409741828878356,478277131,0,0,1804690732,1,50.46,0.0,50.46,2.52,27.74,27.74,22.72,USD,2026-08-15T12:00:00+00:00,GEN-20260815T120000Z-bcb100dcba34,CONFORMED
7998969965337184,10000122,9000061,ORD-009000061,20260305,794977933153845,2828872884913695,61058121,0,0,1804690732,1,55.34,0.0,55.34,0.0,28.8,28.8,26.54,USD,2026-08-15T12:00:00+00:00,GEN-20260815T120000Z-bcb100dcba34,CONFORMED
1869929791522629,10000123,9000061,ORD-009000061,20260305,794977933153845,7613645851540336,61058121,0,0,1804690732,1,94.96,0.0,94.96,0.0,36.23,36.23,58.73,USD,2026-08-15T12:00:00+00:00,GEN-20260815T120000Z-bcb100dcba34,CONFORMED
4697822153268592,10000124,9000061,ORD-009000061,20260305,794977933153845,4129016370106678,61058121,0,0,1804690732,1,18.15,0.0,18.15,1.09,12.81,12.81,5.34,USD,2026-08-15T12:00:00+00:00,GEN-20260815T120000Z-bcb100dcba34,CONFORMED
1496435670910512,10000125,9000061,ORD-009000061,20260305,794977933153845,2147509539509020,61058121,0,0,1804690732,2,113.02,0.0,113.02,6.78,35.78,71.56,41.46,USD,2026-08-15T12:00:00+00:00,GEN-20260815T120000Z-bcb100dcba34,CONFORMED
8812934925830152,10000126,9000062,ORD-009000062,20260707,2804663144207255,8143506748174746,172548094,0,1803632588,1804690732,1,104.78,5.24,99.54,0.0,37.65,37.65,61.89,USD,2026-08-15T12:00:00+00:00,GEN-20260815T120000Z-bcb100dcba34,CONFORMED
6073207873012341,10000127,9000062,ORD-009000062,20260707,2804663144207255,5386981819638820,172548094,0,1803632588,1804690732,1,55.14,2.76,52.38,0.0,29.62,29.62,22.76,USD,2026-08-15T12:00:00+00:00,GEN-20260815T120000Z-bcb100dcba34,CONFORMED
5310910522868985,10000128,9000062,ORD-009000062,20260707,2804663144207255,6470234594172962,172548094,0,1803632588,1804690732,1,36.17,5.43,30.74,1.54,18.38,18.38,12.36,USD,2026-08-15T12:00:00+00:00,GEN-20260815T120000Z-bcb100dcba34,CONFORMED
7105566336161082,10000129,9000062,ORD-009000062,20260707,2804663144207255,5154982643078032,172548094,0,1803632588,1804690732,1,33.78,5.07,28.71,0.0,21.73,21.73,6.98,USD,2026-08-15T12:00:00+00:00,GEN-20260815T120000Z-bcb100dcba34,CONFORMED
4613291017465668,10000130,9000063,ORD-009000063,20250406,8372406203120246,4129016370106678,1260600486,0,0,1804690732,2,36.3,0.0,36.3,0.0,12.81,25.62,10.68,USD,2026-08-15T12:00:00+00:00,GEN-20260815T120000Z-bcb100dcba34,CONFORMED
1765586985343189,10000131,9000064,ORD-009000064,20260517,8372406203120246,5154982643078032,478277131,47288318,0,594711114,1,33.78,0.0,33.78,1.69,21.73,21.73,12.05,USD,2026-08-15T12:00:00+00:00,GEN-20260815T120000Z-bcb100dcba34,CONFORMED
7777583298906314,10000132,9000065,ORD-009000065,20250417,2818642453153213,4416817951113276,172548094,0,1816417506,1804690732,2,35.38,3.54,31.84,2.55,11.26,22.52,9.32,USD,2026-08-15T12:00:00+00:00,GEN-20260815T120000Z-bcb100dcba34,CONFORMED
1601549418239619,10000133,9000066,ORD-009000066,20250814,8817168331941856,3246278552185507,172548094,0,0,1804690732,1,21.47,0.0,21.47,0.0,7.82,7.82,13.65,USD,2026-08-15T12:00:00+00:00,GEN-20260815T120000Z-bcb100dcba34,CONFORMED
9007017311221461,10000134,9000066,ORD-009000066,20250814,8817168331941856,5251926197680486,172548094,0,0,1804690732,3,186.18,0.0,186.18,11.17,22.87,68.61,117.57,USD,2026-08-15T12:00:00+00:00,GEN-20260815T120000Z-bcb100dcba34,CONFORMED
8164056550087660,10000135,9000067,ORD-009000067,20260624,4566388876505702,3966191321720857,478277131,569013073,1803632588,594711114,1,140.14,7.01,133.13,6.66,69.19,69.19,63.94,USD,2026-08-15T12:00:00+00:00,GEN-20260815T120000Z-bcb100dcba34,CONFORMED
1357674414330233,10000136,9000068,ORD-009000068,20241230,7843084264826599,1766611708860200,478277131,19658864,0,594711114,3,59.37,0.0,59.37,0.0,12.54,37.62,21.75,USD,2026-08-15T12:00:00+00:00,GEN-20260815T120000Z-bcb100dcba34,CONFORMED
5372416415637485,10000137,9000069,ORD-009000069,20250529,794977933153845,576097166161434,304722673,0,0,1804690732,1,32.24,0.0,32.24,1.93,21.91,21.91,10.33,USD,2026-08-15T12:00:00+00:00,GEN-20260815T120000Z-bcb100dcba34,CONFORMED
5532580726313387,10000138,9000070,ORD-009000070,20260118,794977933153845,4164323111342627,61058121,0,0,1804690732,2,145.52,0.0,145.52,11.64,27.25,54.5,91.02,USD,2026-08-15T12:00:00+00:00,GEN-20260815T120000Z-bcb100dcba34,CONFORMED
2227255087365287,10000139,9000070,ORD-009000070,20260118,794977933153845,5386981819638820,61058121,0,0,1804690732,1,55.14,0.0,55.14,4.41,29.62,29.62,25.52,USD,2026-08-15T12:00:00+00:00,GEN-20260815T120000Z-bcb100dcba34,CONFORMED
3253935052398041,10000140,9000070,ORD-009000070,20260118,794977933153845,5251926197680486,61058121,0,0,1804690732,1,62.06,0.0,62.06,3.1,22.87,22.87,39.19,USD,2026-08-15T12:00:00+00:00,GEN-20260815T120000Z-bcb100dcba34,CONFORMED
6067591512658357,10000141,9000071,ORD-009000071,20250420,8731009255192300,5251926197680486,478277131,0,0,1804690732,1,62.06,0.0,62.06,4.96,22.87,22.87,39.19,USD,2026-08-15T12:00:00+00:00,GEN-20260815T120000Z-bcb100dcba34,CONFORMED
949058435190029,10000142,9000071,ORD-009000071,20250420,8731009255192300,3966191321720857,478277131,0,0,1804690732,1,140.14,0.0,140.14,8.41,69.19,69.19,70.95,USD,2026-08-15T12:00:00+00:00,GEN-20260815T120000Z-bcb100dcba34,CONFORMED
6616001422736280,10000143,9000072,ORD-009000072,20260218,3131118517250449,7613645851540336,1260600486,609360951,1803632588,594711114,1,94.96,9.5,85.46,6.84,36.23,36.23,49.23,USD,2026-08-15T12:00:00+00:00,GEN-20260815T120000Z-bcb100dcba34,CONFORMED
3030879578208219,10000144,9000073,ORD-009000073,20260209,2757805831335922,3716282090193685,61058121,0,0,1804690732,1,84.25,0.0,84.25,4.21,32.51,32.51,51.74,USD,2026-08-15T12:00:00+00:00,GEN-20260815T120000Z-bcb100dcba34,CONFORMED
5887222421956019,10000145,9000073,ORD-009000073,20260209,2757805831335922,6861065333208789,61058121,0,0,1804690732,4,125.2,0.0,125.2,7.51,15.29,61.16,64.04,USD,2026-08-15T12:00:00+00:00,GEN-20260815T120000Z-bcb100dcba34,CONFORMED
3839594204040531,10000146,9000074,ORD-009000074,20250907,8731009255192300,6470234594172962,304722673,0,0,1804690732,1,36.17,0.0,36.17,0.0,18.38,18.38,17.79,USD,2026-08-15T12:00:00+00:00,GEN-20260815T120000Z-bcb100dcba34,CONFORMED
4136298430777097,10000147,9000074,ORD-009000074,20250907,8731009255192300,6861065333208789,304722673,0,0,1804690732,2,62.6,0.0,62.6,0.0,15.29,30.58,32.02,USD,2026-08-15T12:00:00+00:00,GEN-20260815T120000Z-bcb100dcba34,CONFORMED
659228309325644,10000148,9000074,ORD-009000074,20250907,8731009255192300,4416817951113276,304722673,0,0,1804690732,1,17.69,0.0,17.69,0.88,11.26,11.26,6.43,USD,2026-08-15T12:00:00+00:00,GEN-20260815T120000Z-bcb100dcba34,CONFORMED
6261516203759510,10000149,9000074,ORD-009000074,20250907,8731009255192300,3032648064728305,304722673,0,0,1804690732,2,75.14,0.0,75.14,3.76,20.21,40.42,34.72,USD,2026-08-15T12:00:00+00:00,GEN-20260815T120000Z-bcb100dcba34,CONFORMED
2852083215631546,10000150,9000075,ORD-009000075,20260726,7184689625878381,7918986721572446,61058121,0,1816417506,1804690732,3,93.42,14.01,79.41,3.97,16.68,50.04,29.37,USD,2026-08-15T12:00:00+00:00,GEN-20260815T120000Z-bcb100dcba34,CONFORMED
3636921059317697,10000151,9000076,ORD-009000076,20250714,3478244574355769,5154982643078032,304722673,0,1803632588,1804690732,3,101.34,5.07,96.27,5.78,21.73,65.19,31.08,USD,2026-08-15T12:00:00+00:00,GEN-20260815T120000Z-bcb100dcba34,CONFORMED
8817364296924144,10000152,9000076,ORD-009000076,20250714,3478244574355769,3032648064728305,304722673,0,1803632588,1804690732,2,75.14,7.51,67.63,0.0,20.21,40.42,27.21,USD,2026-08-15T12:00:00+00:00,GEN-20260815T120000Z-bcb100dcba34,CONFORMED
6865321232888104,10000153,9000077,ORD-009000077,20251221,4943636095202089,3246278552185507,1260600486,609360951,1963048718,594711114,1,21.47,1.07,20.4,1.02,7.82,7.82,12.58,USD,2026-08-15T12:00:00+00:00,GEN-20260815T120000Z-bcb100dcba34,CONFORMED
7568789969344559,10000154,9000078,ORD-009000078,20250701,1349015784083648,7782516826468121,61058121,0,0,1804690732,1,34.99,0.0,34.99,2.1,13.43,13.43,21.56,USD,2026-08-15T12:00:00+00:00,GEN-20260815T120000Z-bcb100dcba34,CONFORMED
186404348911033,10000155,9000079,ORD-009000079,20241222,11115131758355,3966191321720857,304722673,0,1963048718,1804690732,1,140.14,21.02,119.12,5.96,69.19,69.19,49.93,USD,2026-08-15T12:00:00+00:00,GEN-20260815T120000Z-bcb100dcba34,CONFORMED
4304890235782722,10000156,9000080,ORD-009000080,20260423,7516159783968868,4181652019472531,172548094,238228206,1803632588,594711114,1,54.28,5.43,48.85,2.93,33.16,33.16,15.69,USD,2026-08-15T12:00:00+00:00,GEN-20260815T120000Z-bcb100dcba34,CONFORMED
1234035425094678,10000157,9000080,ORD-009000080,20260423,7516159783968868,4549899389918930,172548094,238228206,1803632588,594711114,2,97.34,4.87,92.47,7.4,34.72,69.44,23.03,USD,2026-08-15T12:00:00+00:00,GEN-20260815T120000Z-bcb100dcba34,CONFORMED
5061354693891667,10000158,9000081,ORD-009000081,20260731,4825638724253484,3966191321720857,478277131,1576146963,0,594711114,1,140.14,0.0,140.14,8.41,69.19,69.19,70.95,USD,2026-08-15T12:00:00+00:00,GEN-20260815T120000Z-bcb100dcba34,CONFORMED
1764857998873059,10000159,9000082,ORD-009000082,20250726,2818642453153213,386796752073287,1260600486,1570779588,0,594711114,2,270.92,0.0,270.92,21.67,58.61,117.22,153.7,USD,2026-08-15T12:00:00+00:00,GEN-20260815T120000Z-bcb100dcba34,CONFORMED
1341505640623019,10000160,9000082,ORD-009000082,20250726,2818642453153213,4129016370106678,1260600486,1570779588,0,594711114,2,36.3,0.0,36.3,1.81,12.81,25.62,10.68,USD,2026-08-15T12:00:00+00:00,GEN-20260815T120000Z-bcb100dcba34,CONFORMED
4156565725160850,10000161,9000083,ORD-009000083,20260526,794977933153845,7782516826468121,304722673,0,0,1804690732,1,34.99,0.0,34.99,2.1,13.43,13.43,21.56,USD,2026-08-15T12:00:00+00:00,GEN-20260815T120000Z-bcb100dcba34,CONFORMED
3000714261058252,10000162,9000083,ORD-009000083,20260526,794977933153845,3716282090193685,304722673,0,0,1804690732,1,84.25,0.0,84.25,5.05,32.51,32.51,51.74,USD,2026-08-15T12:00:00+00:00,GEN-20260815T120000Z-bcb100dcba34,CONFORMED
5349411010898984,10000163,9000083,ORD-009000083,20260526,794977933153845,4416817951113276,304722673,0,0,1804690732,1,17.69,0.0,17.69,0.0,11.26,11.26,6.43,USD,2026-08-15T12:00:00+00:00,GEN-20260815T120000Z-bcb100dcba34,CONFORMED
1592076857028623,10000164,9000083,ORD-009000083,20260526,794977933153845,1766611708860200,304722673,0,0,1804690732,2,39.58,0.0,39.58,0.0,12.54,25.08,14.5,USD,2026-08-15T12:00:00+00:00,GEN-20260815T120000Z-bcb100dcba34,CONFORMED
6639858049853516,10000165,9000083,ORD-009000083,20260526,794977933153845,3246278552185507,304722673,0,0,1804690732,1,21.47,0.0,21.47,1.29,7.82,7.82,13.65,USD,2026-08-15T12:00:00+00:00,GEN-20260815T120000Z-bcb100dcba34,CONFORMED
392005351073790,10000166,9000084,ORD-009000084,20260606,2067625431330998,8691581070912008,478277131,0,0,1804690732,1,75.41,0.0,75.41,6.03,28.66,28.66,46.75,USD,2026-08-15T12:00:00+00:00,GEN-20260815T120000Z-bcb100dcba34,CONFORMED
388405330843492,10000167,9000084,ORD-009000084,20260606,2067625431330998,5251926197680486,478277131,0,0,1804690732,1,62.06,0.0,62.06,3.72,22.87,22.87,39.19,USD,2026-08-15T12:00:00+00:00,GEN-20260815T120000Z-bcb100dcba34,CONFORMED
2294198546060450,10000168,9000085,ORD-009000085,20240622,3144616615472082,386796752073287,172548094,0,1963048718,1804690732,3,406.38,40.64,365.74,0.0,58.61,175.83,189.91,USD,2026-08-15T12:00:00+00:00,GEN-20260815T120000Z-bcb100dcba34,CONFORMED
8058928183679593,10000169,9000086,ORD-009000086,20250617,8417110578117605,386796752073287,478277131,0,1803632588,1804690732,2,270.92,13.55,257.37,15.44,58.61,117.22,140.15,USD,2026-08-15T12:00:00+00:00,GEN-20260815T120000Z-bcb100dcba34,CONFORMED
4898958473862726,10000170,9000087,ORD-009000087,20250513,3131118517250449,8143506748174746,304722673,0,0,1804690732,1,104.78,0.0,104.78,6.29,37.65,37.65,67.13,USD,2026-08-15T12:00:00+00:00,GEN-20260815T120000Z-bcb100dcba34,CONFORMED
2305288815271958,10000171,9000088,ORD-009000088,20260703,7184689625878381,8691581070912008,478277131,0,0,1804690732,1,75.41,0.0,75.41,0.0,28.66,28.66,46.75,USD,2026-08-15T12:00:00+00:00,GEN-20260815T120000Z-bcb100dcba34,CONFORMED
824114979119165,10000172,9000089,ORD-009000089,20260122,4142859620013041,2828872884913695,61058121,0,0,1804690732,1,55.34,0.0,55.34,4.43,28.8,28.8,26.54,USD,2026-08-15T12:00:00+00:00,GEN-20260815T120000Z-bcb100dcba34,CONFORMED
2987017691331248,10000173,9000090,ORD-009000090,20241123,3899956267246929,386796752073287,172548094,1499355545,0,594711114,1,135.46,0.0,135.46,0.0,58.61,58.61,76.85,USD,2026-08-15T12:00:00+00:00,GEN-20260815T120000Z-bcb100dcba34,CONFORMED
1212337178732988,10000174,9000091,ORD-009000091,20260418,1789297717188187,5251926197680486,61058121,0,1816417506,1804690732,1,62.06,6.21,55.85,3.35,22.87,22.87,32.98,USD,2026-08-15T12:00:00+00:00,GEN-20260815T120000Z-bcb100dcba34,CONFORMED
2620025196736315,10000175,9000091,ORD-009000091,20260418,1789297717188187,6861065333208789,61058121,0,1816417506,1804690732,1,31.3,4.7,26.6,2.13,15.29,15.29,11.31,USD,2026-08-15T12:00:00+00:00,GEN-20260815T120000Z-bcb100dcba34,CONFORMED
177380593800415,10000176,9000091,ORD-009000091,20260418,1789297717188187,4129016370106678,61058121,0,1816417506,1804690732,1,18.15,0.91,17.24,1.03,12.81,12.81,4.43,USD,2026-08-15T12:00:00+00:00,GEN-20260815T120000Z-bcb100dcba34,CONFORMED
4501314206435841,10000177,9000092,ORD-009000092,20250812,3026491895390511,4549899389918930,172548094,238228206,1803632588,594711114,1,48.67,4.87,43.8,2.63,34.72,34.72,9.08,USD,2026-08-15T12:00:00+00:00,GEN-20260815T120000Z-bcb100dcba34,CONFORMED
8163504324835660,10000178,9000092,ORD-009000092,20250812,3026491895390511,7409741828878356,172548094,238228206,1803632588,594711114,1,50.46,7.57,42.89,2.14,27.74,27.74,15.15,USD,2026-08-15T12:00:00+00:00,GEN-20260815T120000Z-bcb100dcba34,CONFORMED
103231445752872,10000179,9000092,ORD-009000092,20250812,3026491895390511,3966191321720857,172548094,238228206,1803632588,594711114,1,140.14,7.01,133.13,10.65,69.19,69.19,63.94,USD,2026-08-15T12:00:00+00:00,GEN-20260815T120000Z-bcb100dcba34,CONFORMED
5777956495306962,10000180,9000093,ORD-009000093,20250801,3316308024422010,7664493151913903,172548094,0,0,1804690732,2,76.66,0.0,76.66,0.0,17.8,35.6,41.06,USD,2026-08-15T12:00:00+00:00,GEN-20260815T120000Z-bcb100dcba34,CONFORMED
5706480366333903,10000181,9000094,ORD-009000094,20260417,3316308024422010,576097166161434,478277131,569013073,1816417506,594711114,2,64.48,9.67,54.81,2.74,21.91,43.82,10.99,USD,2026-08-15T12:00:00+00:00,GEN-20260815T120000Z-bcb100dcba34,CONFORMED
7982349029712825,10000182,9000094,ORD-009000094,20260417,3316308024422010,4129016370106678,478277131,569013073,1816417506,594711114,1,18.15,1.81,16.34,0.82,12.81,12.81,3.53,USD,2026-08-15T12:00:00+00:00,GEN-20260815T120000Z-bcb100dcba34,CONFORMED
5776504644903296,10000183,9000095,ORD-009000095,20260207,2804663144207255,5386981819638820,304722673,2008381844,1803632588,594711114,1,55.14,5.51,49.63,0.0,29.62,29.62,20.01,USD,2026-08-15T12:00:00+00:00,GEN-20260815T120000Z-bcb100dcba34,CONFORMED
96659165874682,10000184,9000096,ORD-009000096,20240504,1349015784083648,8691581070912008,304722673,1485370282,0,594711114,1,75.41,0.0,75.41,6.03,28.66,28.66,46.75,USD,2026-08-15T12:00:00+00:00,GEN-20260815T120000Z-bcb100dcba34,CONFORMED
8866571036436939,10000185,9000096,ORD-009000096,20240504,1349015784083648,2147509539509020,304722673,1485370282,0,594711114,1,56.51,0.0,56.51,2.83,35.78,35.78,20.73,USD,2026-08-15T12:00:00+00:00,GEN-20260815T120000Z-bcb100dcba34,CONFORMED
1601155444755367,10000186,9000096,ORD-009000096,20240504,1349015784083648,5386981819638820,304722673,1485370282,0,594711114,1,55.14,0.0,55.14,4.41,29.62,29.62,25.52,USD,2026-08-15T12:00:00+00:00,GEN-20260815T120000Z-bcb100dcba34,CONFORMED
7355951235729044,10000187,9000096,ORD-009000096,20240504,1349015784083648,7613645851540336,304722673,1485370282,0,594711114,1,94.96,0.0,94.96,5.7,36.23,36.23,58.73,USD,2026-08-15T12:00:00+00:00,GEN-20260815T120000Z-bcb100dcba34,CONFORMED
4115393986115134,10000188,9000097,ORD-009000097,20240722,3229332174784763,576097166161434,172548094,0,1803632588,1804690732,2,64.48,9.67,54.81,3.29,21.91,43.82,10.99,USD,2026-08-15T12:00:00+00:00,GEN-20260815T120000Z-bcb100dcba34,CONFORMED
8945403417042455,10000189,9000097,ORD-009000097,20240722,3229332174784763,3966191321720857,172548094,0,1803632588,1804690732,1,140.14,7.01,133.13,10.65,69.19,69.19,63.94,USD,2026-08-15T12:00:00+00:00,GEN-20260815T120000Z-bcb100dcba34,CONFORMED
6769234799451643,10000190,9000098,ORD-009000098,20260105,7225283174107840,474492826655179,61058121,0,1803632588,1804690732,1,37.63,5.64,31.99,1.92,22.77,22.77,9.22,USD,2026-08-15T12:00:00+00:00,GEN-20260815T120000Z-bcb100dcba34,CONFORMED
7077763336277187,10000191,9000099,ORD-009000099,20260620,794977933153845,4549899389918930,478277131,0,1803632588,1804690732,1,48.67,2.43,46.24,3.7,34.72,34.72,11.52,USD,2026-08-15T12:00:00+00:00,GEN-20260815T120000Z-bcb100dcba34,CONFORMED
5900038779574320,10000192,9000099,ORD-009000099,20260620,794977933153845,3716282090193685,478277131,0,1803632588,1804690732,1,84.25,12.64,71.61,0.0,32.51,32.51,39.1,USD,2026-08-15T12:00:00+00:00,GEN-20260815T120000Z-bcb100dcba34,CONFORMED
7310705265110767,10000193,9000100,ORD-009000100,20240928,408753299559953,576097166161434,304722673,0,0,1804690732,1,32.24,0.0,32.24,0.0,21.91,21.91,10.33,USD,2026-08-15T12:00:00+00:00,GEN-20260815T120000Z-bcb100dcba34,CONFORMED
56995408834492,10000194,9000100,ORD-009000100,20240928,408753299559953,2233084524616562,304722673,0,0,1804690732,1,27.97,0.0,27.97,2.24,16.93,16.93,11.04,USD,2026-08-15T12:00:00+00:00,GEN-20260815T120000Z-bcb100dcba34,CONFORMED
8182706025664569,10000195,9000100,ORD-009000100,20240928,408753299559953,8143506748174746,304722673,0,0,1804690732,1,104.78,0.0,104.78,6.29,37.65,37.65,67.13,USD,2026-08-15T12:00:00+00:00,GEN-20260815T120000Z-bcb100dcba34,CONFORMED
2720557852499723,10000196,9000100,ORD-009000100,20240928,408753299559953,7664493151913903,304722673,0,0,1804690732,1,38.33,0.0,38.33,3.07,17.8,17.8,20.53,USD,2026-08-15T12:00:00+00:00,GEN-20260815T120000Z-bcb100dcba34,CONFORMED
5487209062964787,10000197,9000100,ORD-009000100,20240928,408753299559953,7409741828878356,304722673,0,0,1804690732,3,151.38,0.0,151.38,12.11,27.74,83.22,68.16,USD,2026-08-15T12:00:00+00:00,GEN-20260815T120000Z-bcb100dcba34,CONFORMED
3672900454442518,10000198,9000101,ORD-009000101,20260504,2067625431330998,6861065333208789,172548094,570015635,0,594711114,1,31.3,0.0,31.3,1.57,15.29,15.29,16.01,USD,2026-08-15T12:00:00+00:00,GEN-20260815T120000Z-bcb100dcba34,CONFORMED
744726404437574,10000199,9000101,ORD-009000101,20260504,2067625431330998,3716282090193685,172548094,570015635,0,594711114,2,168.5,0.0,168.5,0.0,32.51,65.02,103.48,USD,2026-08-15T12:00:00+00:00,GEN-20260815T120000Z-bcb100dcba34,CONFORMED
794306884378677,10000200,9000102,ORD-009000102,20250317,5479743518798183,6861065333208789,304722673,0,1963048718,1804690732,1,31.3,1.57,29.73,0.0,15.29,15.29,14.44,USD,2026-08-15T12:00:00+00:00,GEN-20260815T120000Z-bcb100dcba34,CONFORMED
100592099062650,10000201,9000103,ORD-009000103,20260201,7500354694182940,4181652019472531,478277131,0,0,1804690732,1,54.28,0.0,54.28,4.34,33.16,33.16,21.12,USD,2026-08-15T12:00:00+00:00,GEN-20260815T120000Z-bcb100dcba34,CONFORMED
6057691547491864,10000202,9000103,ORD-009000103,20260201,7500354694182940,7409741828878356,478277131,0,0,1804690732,1,50.46,0.0,50.46,4.04,27.74,27.74,22.72,USD,2026-08-15T12:00:00+00:00,GEN-20260815T120000Z-bcb100dcba34,CONFORMED
1082259837791120,10000203,9000104,ORD-009000104,20250612,2818642453153213,3032648064728305,61058121,0,1816417506,1804690732,1,37.57,3.76,33.81,2.03,20.21,20.21,13.6,USD,2026-08-15T12:00:00+00:00,GEN-20260815T120000Z-bcb100dcba34,CONFORMED
269233976347898,10000204,9000104,ORD-009000104,20250612,2818642453153213,386796752073287,61058121,0,1816417506,1804690732,1,135.46,13.55,121.91,9.75,58.61,58.61,63.3,USD,2026-08-15T12:00:00+00:00,GEN-20260815T120000Z-bcb100dcba34,CONFORMED
3142608719876894,10000205,9000104,ORD-009000104,20250612,2818642453153213,3716282090193685,61058121,0,1816417506,1804690732,4,337.0,50.55,286.45,17.19,32.51,130.04,156.41,USD,2026-08-15T12:00:00+00:00,GEN-20260815T120000Z-bcb100dcba34,CONFORMED
6808620256694090,10000206,9000104,ORD-009000104,20250612,2818642453153213,6327175657987570,61058121,0,1816417506,1804690732,1,52.9,7.93,44.97,0.0,20.3,20.3,24.67,USD,2026-08-15T12:00:00+00:00,GEN-20260815T120000Z-bcb100dcba34,CONFORMED
1292745686675778,10000207,9000105,ORD-009000105,20251020,7270340442903482,6327175657987570,1260600486,0,1816417506,1804690732,1,52.9,5.29,47.61,2.38,20.3,20.3,27.31,USD,2026-08-15T12:00:00+00:00,GEN-20260815T120000Z-bcb100dcba34,CONFORMED
6639543441676689,10000208,9000105,ORD-009000105,20251020,7270340442903482,474492826655179,1260600486,0,1816417506,1804690732,2,75.26,3.76,71.5,5.72,22.77,45.54,25.96,USD,2026-08-15T12:00:00+00:00,GEN-20260815T120000Z-bcb100dcba34,CONFORMED
7059197639662872,10000209,9000106,ORD-009000106,20250402,2557867901969331,4604252301016453,61058121,1627569744,1803632588,594711114,1,32.58,1.63,30.95,1.86,17.78,17.78,13.17,USD,2026-08-15T12:00:00+00:00,GEN-20260815T120000Z-bcb100dcba34,CONFORMED
7676157554982303,10000210,9000106,ORD-009000106,20250402,2557867901969331,576097166161434,61058121,1627569744,1803632588,594711114,1,32.24,4.84,27.4,0.0,21.91,21.91,5.49,USD,2026-08-15T12:00:00+00:00,GEN-20260815T120000Z-bcb100dcba34,CONFORMED
1148055854234826,10000211,9000106,ORD-009000106,20250402,2557867901969331,3032648064728305,61058121,1627569744,1803632588,594711114,1,37.57,3.76,33.81,2.03,20.21,20.21,13.6,USD,2026-08-15T12:00:00+00:00,GEN-20260815T120000Z-bcb100dcba34,CONFORMED
1537840615112487,10000212,9000106,ORD-009000106,20250402,2557867901969331,3966191321720857,61058121,1627569744,1803632588,594711114,1,140.14,21.02,119.12,0.0,69.19,69.19,49.93,USD,2026-08-15T12:00:00+00:00,GEN-20260815T120000Z-bcb100dcba34,CONFORMED
2476984453074789,10000213,9000107,ORD-009000107,20251007,8731009255192300,2147509539509020,61058121,0,0,1804690732,1,56.51,0.0,56.51,4.52,35.78,35.78,20.73,USD,2026-08-15T12:00:00+00:00,GEN-20260815T120000Z-bcb100dcba34,CONFORMED
3184067691788668,10000214,9000108,ORD-009000108,20260711,8768151730083005,4549899389918930,304722673,0,0,1804690732,1,48.67,0.0,48.67,3.89,34.72,34.72,13.95,USD,2026-08-15T12:00:00+00:00,GEN-20260815T120000Z-bcb100dcba34,CONFORMED
6025999085847232,10000215,9000109,ORD-009000109,20260707,7184689625878381,7918986721572446,1260600486,0,0,1804690732,1,31.14,0.0,31.14,0.0,16.68,16.68,14.46,USD,2026-08-15T12:00:00+00:00,GEN-20260815T120000Z-bcb100dcba34,CONFORMED
5020977289713688,10000216,9000110,ORD-009000110,20250104,8372406203120246,3966191321720857,304722673,1848488672,0,594711114,1,140.14,0.0,140.14,11.21,69.19,69.19,70.95,USD,2026-08-15T12:00:00+00:00,GEN-20260815T120000Z-bcb100dcba34,CONFORMED
5815027878744828,10000217,9000111,ORD-009000111,20260622,6949575208326163,3966191321720857,478277131,0,1816417506,1804690732,2,280.28,28.03,252.25,0.0,69.19,138.38,113.87,USD,2026-08-15T12:00:00+00:00,GEN-20260815T120000Z-bcb100dcba34,CONFORMED
5206534678655534,10000218,9000111,ORD-009000111,20260622,6949575208326163,4549899389918930,478277131,0,1816417506,1804690732,3,146.01,21.9,124.11,9.93,34.72,104.16,19.95,USD,2026-08-15T12:00:00+00:00,GEN-20260815T120000Z-bcb100dcba34,CONFORMED
914939357857463,10000219,9000111,ORD-009000111,20260622,6949575208326163,5154982643078032,478277131,0,1816417506,1804690732,1,33.78,1.69,32.09,1.93,21.73,21.73,10.36,USD,2026-08-15T12:00:00+00:00,GEN-20260815T120000Z-bcb100dcba34,CONFORMED
5258090360768657,10000220,9000111,ORD-009000111,20260622,6949575208326163,4164323111342627,478277131,0,1816417506,1804690732,1,72.76,7.28,65.48,3.93,27.25,27.25,38.23,USD,2026-08-15T12:00:00+00:00,GEN-20260815T120000Z-bcb100dcba34,CONFORMED
2390227018393246,10000221,9000112,ORD-009000112,20240330,7313078781324406,6470234594172962,61058121,1627569744,1816417506,594711114,1,36.17,5.43,30.74,1.84,18.38,18.38,12.36,USD,2026-08-15T12:00:00+00:00,GEN-20260815T120000Z-bcb100dcba34,CONFORMED
4269030598025250,10000222,9000113,ORD-009000113,20260219,7500354694182940,5386981819638820,478277131,0,0,1804690732,3,165.42,0.0,165.42,0.0,29.62,88.86,76.56,USD,2026-08-15T12:00:00+00:00,GEN-20260815T120000Z-bcb100dcba34,CONFORMED
6679583997939332,10000223,9000114,ORD-009000114,20250929,7225283174107840,3716282090193685,304722673,0,0,1804690732,1,84.25,0.0,84.25,0.0,32.51,32.51,51.74,USD,2026-08-15T12:00:00+00:00,GEN-20260815T120000Z-bcb100dcba34,CONFORMED
3660892674589028,10000224,9000114,ORD-009000114,20250929,7225283174107840,4164323111342627,304722673,0,0,1804690732,1,72.76,0.0,72.76,4.37,27.25,27.25,45.51,USD,2026-08-15T12:00:00+00:00,GEN-20260815T120000Z-bcb100dcba34,CONFORMED
6401827248688846,10000225,9000115,ORD-009000115,20251018,5479743518798183,5251926197680486,478277131,0,0,1804690732,3,186.18,0.0,186.18,11.17,22.87,68.61,117.57,USD,2026-08-15T12:00:00+00:00,GEN-20260815T120000Z-bcb100dcba34,CONFORMED
226627630555628,10000226,9000116,ORD-009000116,20260724,4943636095202089,576097166161434,478277131,19658864,1963048718,594711114,1,32.24,3.22,29.02,1.74,21.91,21.91,7.11,USD,2026-08-15T12:00:00+00:00,GEN-20260815T120000Z-bcb100dcba34,CONFORMED
7626003146368932,10000227,9000116,ORD-009000116,20260724,4943636095202089,8143506748174746,478277131,19658864,1963048718,594711114,1,104.78,15.72,89.06,5.34,37.65,37.65,51.41,USD,2026-08-15T12:00:00+00:00,GEN-20260815T120000Z-bcb100dcba34,CONFORMED
7258842673053718,10000228,9000117,ORD-009000117,20240908,1379634014891341,3246278552185507,304722673,1485370282,1803632588,594711114,1,21.47,3.22,18.25,0.91,7.82,7.82,10.43,USD,2026-08-15T12:00:00+00:00,GEN-20260815T120000Z-bcb100dcba34,CONFORMED
2266786358247663,10000229,9000117,ORD-009000117,20240908,1379634014891341,3716282090193685,304722673,1485370282,1803632588,594711114,2,168.5,16.85,151.65,7.58,32.51,65.02,86.63,USD,2026-08-15T12:00:00+00:00,GEN-20260815T120000Z-bcb100dcba34,CONFORMED
6085909235058418,10000230,9000118,ORD-009000118,20250714,408753299559953,4181652019472531,478277131,1576146963,1803632588,594711114,1,54.28,2.71,51.57,2.58,33.16,33.16,18.41,USD,2026-08-15T12:00:00+00:00,GEN-20260815T120000Z-bcb100dcba34,CONFORMED
4078133817108711,10000231,9000119,ORD-009000119,20251009,2557867901969331,576097166161434,304722673,1848488672,0,594711114,1,32.24,0.0,32.24,1.61,21.91,21.91,10.33,USD,2026-08-15T12:00:00+00:00,GEN-20260815T120000Z-bcb100dcba34,CONFORMED
5454138556772043,10000232,9000119,ORD-009000119,20251009,2557867901969331,7664493151913903,304722673,1848488672,0,594711114,1,38.33,0.0,38.33,0.0,17.8,17.8,20.53,USD,2026-08-15T12:00:00+00:00,GEN-20260815T120000Z-bcb100dcba34,CONFORMED
5696245893529165,10000233,9000120,ORD-009000120,20260621,7192464170153370,4604252301016453,478277131,0,1963048718,1804690732,1,32.58,1.63,30.95,1.86,17.78,17.78,13.17,USD,2026-08-15T12:00:00+00:00,GEN-20260815T120000Z-bcb100dcba34,CONFORMED
4924701011909646,10000234,9000121,ORD-009000121,20260528,8768151730083005,7664493151913903,61058121,1324304037,0,594711114,1,38.33,0.0,38.33,0.0,17.8,17.8,20.53,USD,2026-08-15T12:00:00+00:00,GEN-20260815T120000Z-bcb100dcba34,CONFORMED
7993537804515760,10000235,9000121,ORD-009000121,20260528,8768151730083005,576097166161434,61058121,1324304037,0,594711114,1,32.24,0.0,32.24,1.93,21.91,21.91,10.33,USD,2026-08-15T12:00:00+00:00,GEN-20260815T120000Z-bcb100dcba34,CONFORMED
8504027335242537,10000236,9000122,ORD-009000122,20260730,4142859620013041,5251926197680486,172548094,0,1963048718,1804690732,2,124.12,6.21,117.91,5.9,22.87,45.74,72.17,USD,2026-08-15T12:00:00+00:00,GEN-20260815T120000Z-bcb100dcba34,CONFORMED
3905689846582648,10000237,9000123,ORD-009000123,20240531,7092616233756724,4416817951113276,1260600486,0,1963048718,1804690732,1,17.69,2.65,15.04,1.2,11.26,11.26,3.78,USD,2026-08-15T12:00:00+00:00,GEN-20260815T120000Z-bcb100dcba34,CONFORMED
8358342904856019,10000238,9000124,ORD-009000124,20240104,8817168331941856,5251926197680486,478277131,569013073,1816417506,594711114,1,62.06,6.21,55.85,3.35,22.87,22.87,32.98,USD,2026-08-15T12:00:00+00:00,GEN-20260815T120000Z-bcb100dcba34,CONFORMED
7112600222852037,10000239,9000124,ORD-009000124,20240104,8817168331941856,3246278552185507,478277131,569013073,1816417506,594711114,1,21.47,2.15,19.32,1.55,7.82,7.82,11.5,USD,2026-08-15T12:00:00+00:00,GEN-20260815T120000Z-bcb100dcba34,CONFORMED
743371799678145,10000240,9000125,ORD-009000125,20260511,7516159783968868,4164323111342627,478277131,1576146963,0,594711114,1,72.76,0.0,72.76,4.37,27.25,27.25,45.51,USD,2026-08-15T12:00:00+00:00,GEN-20260815T120000Z-bcb100dcba34,CONFORMED
6138489469018988,10000241,9000125,ORD-009000125,20260511,7516159783968868,8143506748174746,478277131,1576146963,0,594711114,1,104.78,0.0,104.78,8.38,37.65,37.65,67.13,USD,2026-08-15T12:00:00+00:00,GEN-20260815T120000Z-bcb100dcba34,CONFORMED
7261139669538056,10000242,9000126,ORD-009000126,20251222,5046657678793971,2828872884913695,304722673,0,1803632588,1804690732,2,110.68,16.6,94.08,4.7,28.8,57.6,36.48,USD,2026-08-15T12:00:00+00:00,GEN-20260815T120000Z-bcb100dcba34,CONFORMED
552156381240399,10000243,9000126,ORD-009000126,20251222,5046657678793971,6470234594172962,304722673,0,1803632588,1804690732,2,72.34,10.85,61.49,3.07,18.38,36.76,24.73,USD,2026-08-15T12:00:00+00:00,GEN-20260815T120000Z-bcb100dcba34,CONFORMED
2177174652553769,10000244,9000127,ORD-009000127,20260226,8731009255192300,4129016370106678,1260600486,1572565631,1963048718,594711114,2,36.3,5.44,30.86,0.0,12.81,25.62,5.24,USD,2026-08-15T12:00:00+00:00,GEN-20260815T120000Z-bcb100dcba34,CONFORMED
1730168867559932,10000245,9000127,ORD-009000127,20260226,8731009255192300,6470234594172962,1260600486,1572565631,1963048718,594711114,1,36.17,3.62,32.55,2.6,18.38,18.38,14.17,USD,2026-08-15T12:00:00+00:00,GEN-20260815T120000Z-bcb100dcba34,CONFORMED
7353517334850717,10000246,9000127,ORD-009000127,20260226,8731009255192300,3966191321720857,1260600486,1572565631,1963048718,594711114,1,140.14,14.01,126.13,6.31,69.19,69.19,56.94,USD,2026-08-15T12:00:00+00:00,GEN-20260815T120000Z-bcb100dcba34,CONFORMED
3670557322233297,10000247,9000128,ORD-009000128,20260722,6623635678311631,8691581070912008,61058121,0,1816417506,1804690732,1,75.41,11.31,64.1,5.13,28.66,28.66,35.44,USD,2026-08-15T12:00:00+00:00,GEN-20260815T120000Z-bcb100dcba34,CONFORMED
4992712345787196,10000248,9000128,ORD-009000128,20260722,6623635678311631,2147509539509020,61058121,0,1816417506,1804690732,1,56.51,8.48,48.03,2.4,35.78,35.78,12.25,USD,2026-08-15T12:00:00+00:00,GEN-20260815T120000Z-bcb100dcba34,CONFORMED
6184717071734030,10000249,9000129,ORD-009000129,20260412,7104990232996649,5251926197680486,172548094,0,0,1804690732,3,186.18,0.0,186.18,14.89,22.87,68.61,117.57,USD,2026-08-15T12:00:00+00:00,GEN-20260815T120000Z-bcb100dcba34,CONFORMED
4540492439002832,10000250,9000130,ORD-009000130,20251231,3144616615472082,4129016370106678,304722673,0,1963048718,1804690732,1,18.15,1.81,16.34,0.82,12.81,12.81,3.53,USD,2026-08-15T12:00:00+00:00,GEN-20260815T120000Z-bcb100dcba34,CONFORMED
4610884486677292,10000251,9000130,ORD-009000130,20251231,3144616615472082,3246278552185507,304722673,0,1963048718,1804690732,2,42.94,2.15,40.79,3.26,7.82,15.64,25.15,USD,2026-08-15T12:00:00+00:00,GEN-20260815T120000Z-bcb100dcba34,CONFORMED
7310679876055361,10000252,9000131,ORD-009000131,20250417,8006566455282513,4416817951113276,61058121,0,0,1804690732,1,17.69,0.0,17.69,0.0,11.26,11.26,6.43,USD,2026-08-15T12:00:00+00:00,GEN-20260815T120000Z-bcb100dcba34,CONFORMED
4232597945947894,10000253,9000132,ORD-009000132,20250904,4142859620013041,7664493151913903,1260600486,1570779588,0,594711114,1,38.33,0.0,38.33,3.07,17.8,17.8,20.53,USD,2026-08-15T12:00:00+00:00,GEN-20260815T120000Z-bcb100dcba34,CONFORMED
5671317474800749,10000254,9000132,ORD-009000132,20250904,4142859620013041,3716282090193685,1260600486,1570779588,0,594711114,1,84.25,0.0,84.25,5.05,32.51,32.51,51.74,USD,2026-08-15T12:00:00+00:00,GEN-20260815T120000Z-bcb100dcba34,CONFORMED
1666381043075710,10000255,9000133,ORD-009000133,20260620,2409169931534460,3246278552185507,172548094,622601068,0,594711114,1,21.47,0.0,21.47,1.07,7.82,7.82,13.65,USD,2026-08-15T12:00:00+00:00,GEN-20260815T120000Z-bcb100dcba34,CONFORMED
8764623532586029,10000256,9000133,ORD-009000133,20260620,2409169931534460,2233084524616562,172548094,622601068,0,594711114,1,27.97,0.0,27.97,2.24,16.93,16.93,11.04,USD,2026-08-15T12:00:00+00:00,GEN-20260815T120000Z-bcb100dcba34,CONFORMED
1838320027171917,10000257,9000133,ORD-009000133,20260620,2409169931534460,4604252301016453,172548094,622601068,0,594711114,3,97.74,0.0,97.74,5.86,17.78,53.34,44.4,USD,2026-08-15T12:00:00+00:00,GEN-20260815T120000Z-bcb100dcba34,CONFORMED
4300635269785128,10000258,9000134,ORD-009000134,20260131,8417110578117605,7409741828878356,172548094,238228206,1816417506,594711114,1,50.46,2.52,47.94,2.88,27.74,27.74,20.2,USD,2026-08-15T12:00:00+00:00,GEN-20260815T120000Z-bcb100dcba34,CONFORMED
8088489120375009,10000259,9000135,ORD-009000135,20250803,2757805831335922,576097166161434,172548094,570015635,0,594711114,1,32.24,0.0,32.24,1.61,21.91,21.91,10.33,USD,2026-08-15T12:00:00+00:00,GEN-20260815T120000Z-bcb100dcba34,CONFORMED
7885975893438689,10000260,9000135,ORD-009000135,20250803,2757805831335922,4549899389918930,172548094,570015635,0,594711114,1,48.67,0.0,48.67,2.43,34.72,34.72,13.95,USD,2026-08-15T12:00:00+00:00,GEN-20260815T120000Z-bcb100dcba34,CONFORMED
4432562060881866,10000261,9000136,ORD-009000136,20240606,7313078781324406,5386981819638820,478277131,0,1803632588,1804690732,1,55.14,5.51,49.63,0.0,29.62,29.62,20.01,USD,2026-08-15T12:00:00+00:00,GEN-20260815T120000Z-bcb100dcba34,CONFORMED
4997857380917514,10000262,9000137,ORD-009000137,20250519,4142859620013041,8143506748174746,304722673,0,1803632588,1804690732,2,209.56,31.43,178.13,10.69,37.65,75.3,102.83,USD,2026-08-15T12:00:00+00:00,GEN-20260815T120000Z-bcb100dcba34,CONFORMED
6816916954344579,10000263,9000137,ORD-009000137,20250519,4142859620013041,5386981819638820,304722673,0,1803632588,1804690732,1,55.14,5.51,49.63,2.98,29.62,29.62,20.01,USD,2026-08-15T12:00:00+00:00,GEN-20260815T120000Z-bcb100dcba34,CONFORMED
663659223627965,10000264,9000137,ORD-009000137,20250519,4142859620013041,4549899389918930,304722673,0,1803632588,1804690732,2,97.34,9.73,87.61,4.38,34.72,69.44,18.17,USD,2026-08-15T12:00:00+00:00,GEN-20260815T120000Z-bcb100dcba34,CONFORMED
5896815394482980,10000265,9000137,ORD-009000137,20250519,4142859620013041,7409741828878356,304722673,0,1803632588,1804690732,1,50.46,5.05,45.41,0.0,27.74,27.74,17.67,USD,2026-08-15T12:00:00+00:00,GEN-20260815T120000Z-bcb100dcba34,CONFORMED
475057393687804,10000266,9000137,ORD-009000137,20250519,4142859620013041,2233084524616562,304722673,0,1803632588,1804690732,2,55.94,2.8,53.14,3.19,16.93,33.86,19.28,USD,2026-08-15T12:00:00+00:00,GEN-20260815T120000Z-bcb100dcba34,CONFORMED
4389828853389406,10000267,9000138,ORD-009000138,20250314,11115131758355,5386981819638820,478277131,0,0,1804690732,1,55.14,0.0,55.14,3.31,29.62,29.62,25.52,USD,2026-08-15T12:00:00+00:00,GEN-20260815T120000Z-bcb100dcba34,CONFORMED
8308122180648942,10000268,9000138,ORD-009000138,20250314,11115131758355,7409741828878356,478277131,0,0,1804690732,2,100.92,0.0,100.92,5.05,27.74,55.48,45.44,USD,2026-08-15T12:00:00+00:00,GEN-20260815T120000Z-bcb100dcba34,CONFORMED
4798678459224082,10000269,9000139,ORD-009000139,20251126,7225283174107840,5154982643078032,1260600486,253917679,0,594711114,3,101.34,0.0,101.34,5.07,21.73,65.19,36.15,USD,2026-08-15T12:00:00+00:00,GEN-20260815T120000Z-bcb100dcba34,CONFORMED
8028149157964207,10000270,9000140,ORD-009000140,20251111,6949575208326163,4416817951113276,172548094,570015635,0,594711114,1,17.69,0.0,17.69,1.42,11.26,11.26,6.43,USD,2026-08-15T12:00:00+00:00,GEN-20260815T120000Z-bcb100dcba34,CONFORMED
2794828050020776,10000271,9000141,ORD-009000141,20260323,7843084264826599,8143506748174746,1260600486,1572565631,1816417506,594711114,1,104.78,15.72,89.06,0.0,37.65,37.65,51.41,USD,2026-08-15T12:00:00+00:00,GEN-20260815T120000Z-bcb100dcba34,CONFORMED
4001459833649229,10000272,9000141,ORD-009000141,20260323,7843084264826599,3032648064728305,1260600486,1572565631,1816417506,594711114,4,150.28,22.54,127.74,0.0,20.21,80.84,46.9,USD,2026-08-15T12:00:00+00:00,GEN-20260815T120000Z-bcb100dcba34,CONFORMED
7660297074818542,10000273,9000142,ORD-009000142,20250119,7516159783968868,5154982643078032,61058121,1730939917,1803632588,594711114,2,67.56,6.76,60.8,0.0,21.73,43.46,17.34,USD,2026-08-15T12:00:00+00:00,GEN-20260815T120000Z-bcb100dcba34,CONFORMED
1703727388545010,10000274,9000143,ORD-009000143,20260107,4943636095202089,6470234594172962,304722673,1848488672,0,594711114,1,36.17,0.0,36.17,2.17,18.38,18.38,17.79,USD,2026-08-15T12:00:00+00:00,GEN-20260815T120000Z-bcb100dcba34,CONFORMED
5719363417181412,10000275,9000143,ORD-009000143,20260107,4943636095202089,3966191321720857,304722673,1848488672,0,594711114,2,280.28,0.0,280.28,0.0,69.19,138.38,141.9,USD,2026-08-15T12:00:00+00:00,GEN-20260815T120000Z-bcb100dcba34,CONFORMED
7866856045183275,10000276,9000143,ORD-009000143,20260107,4943636095202089,4549899389918930,304722673,1848488672,0,594711114,1,48.67,0.0,48.67,2.43,34.72,34.72,13.95,USD,2026-08-15T12:00:00+00:00,GEN-20260815T120000Z-bcb100dcba34,CONFORMED
1077935333746193,10000277,9000144,ORD-009000144,20260715,2078354742369138,5154982643078032,61058121,0,1963048718,1804690732,2,67.56,10.13,57.43,3.45,21.73,43.46,13.97,USD,2026-08-15T12:00:00+00:00,GEN-20260815T120000Z-bcb100dcba34,CONFORMED
3854448417043117,10000278,9000144,ORD-009000144,20260715,2078354742369138,7664493151913903,61058121,0,1963048718,1804690732,3,114.99,5.75,109.24,8.74,17.8,53.4,55.84,USD,2026-08-15T12:00:00+00:00,GEN-20260815T120000Z-bcb100dcba34,CONFORMED
593347811166395,10000279,9000144,ORD-009000144,20260715,2078354742369138,5251926197680486,61058121,0,1963048718,1804690732,2,124.12,18.62,105.5,5.28,22.87,45.74,59.76,USD,2026-08-15T12:00:00+00:00,GEN-20260815T120000Z-bcb100dcba34,CONFORMED
1674324859219048,10000280,9000145,ORD-009000145,20260503,5479743518798183,4129016370106678,172548094,570015635,1963048718,594711114,3,54.45,2.72,51.73,4.14,12.81,38.43,13.3,USD,2026-08-15T12:00:00+00:00,GEN-20260815T120000Z-bcb100dcba34,CONFORMED
7910612781784075,10000281,9000145,ORD-009000145,20260503,5479743518798183,6861065333208789,172548094,570015635,1963048718,594711114,1,31.3,1.57,29.73,1.78,15.29,15.29,14.44,USD,2026-08-15T12:00:00+00:00,GEN-20260815T120000Z-bcb100dcba34,CONFORMED
2247758658245295,10000282,9000145,ORD-009000145,20260503,5479743518798183,3966191321720857,172548094,570015635,1963048718,594711114,1,140.14,14.01,126.13,10.09,69.19,69.19,56.94,USD,2026-08-15T12:00:00+00:00,GEN-20260815T120000Z-bcb100dcba34,CONFORMED
2422280862322292,10000283,9000145,ORD-009000145,20260503,5479743518798183,7918986721572446,172548094,570015635,1963048718,594711114,1,31.14,4.67,26.47,1.59,16.68,16.68,9.79,USD,2026-08-15T12:00:00+00:00,GEN-20260815T120000Z-bcb100dcba34,CONFORMED
8742005304796938,10000284,9000146,ORD-009000146,20250704,7500354694182940,6470234594172962,1260600486,1570779588,1816417506,594711114,1,36.17,1.81,34.36,1.72,18.38,18.38,15.98,USD,2026-08-15T12:00:00+00:00,GEN-20260815T120000Z-bcb100dcba34,CONFORMED
8856255932266507,10000285,9000146,ORD-009000146,20250704,7500354694182940,7613645851540336,1260600486,1570779588,1816417506,594711114,3,284.88,14.24,270.64,0.0,36.23,108.69,161.95,USD,2026-08-15T12:00:00+00:00,GEN-20260815T120000Z-bcb100dcba34,CONFORMED
7349321370417831,10000286,9000146,ORD-009000146,20250704,7500354694182940,4549899389918930,1260600486,1570779588,1816417506,594711114,1,48.67,7.3,41.37,2.48,34.72,34.72,6.65,USD,2026-08-15T12:00:00+00:00,GEN-20260815T120000Z-bcb100dcba34,CONFORMED
5697536866881813,10000287,9000146,ORD-009000146,20250704,7500354694182940,3246278552185507,1260600486,1570779588,1816417506,594711114,1,21.47,2.15,19.32,0.97,7.82,7.82,11.5,USD,2026-08-15T12:00:00+00:00,GEN-20260815T120000Z-bcb100dcba34,CONFORMED
3098889523746684,10000288,9000147,ORD-009000147,20240721,3229332174784763,7918986721572446,61058121,1730939917,0,594711114,1,31.14,0.0,31.14,1.87,16.68,16.68,14.46,USD,2026-08-15T12:00:00+00:00,GEN-20260815T120000Z-bcb100dcba34,CONFORMED
4429367864907012,10000289,9000147,ORD-009000147,20240721,3229332174784763,7613645851540336,61058121,1730939917,0,594711114,1,94.96,0.0,94.96,7.6,36.23,36.23,58.73,USD,2026-08-15T12:00:00+00:00,GEN-20260815T120000Z-bcb100dcba34,CONFORMED
5332955288096464,10000290,9000147,ORD-009000147,20240721,3229332174784763,4416817951113276,61058121,1730939917,0,594711114,1,17.69,0.0,17.69,1.06,11.26,11.26,6.43,USD,2026-08-15T12:00:00+00:00,GEN-20260815T120000Z-bcb100dcba34,CONFORMED
1530969683974938,10000291,9000148,ORD-009000148,20241206,2818642453153213,4181652019472531,304722673,765552334,1803632588,594711114,2,108.56,10.86,97.7,0.0,33.16,66.32,31.38,USD,2026-08-15T12:00:00+00:00,GEN-20260815T120000Z-bcb100dcba34,CONFORMED
8663927575240410,10000292,9000149,ORD-009000149,20260730,4825638724253484,2147509539509020,478277131,1576146963,0,594711114,1,56.51,0.0,56.51,0.0,35.78,35.78,20.73,USD,2026-08-15T12:00:00+00:00,GEN-20260815T120000Z-bcb100dcba34,CONFORMED
6373394937068603,10000293,9000150,ORD-009000150,20250129,3478244574355769,4129016370106678,172548094,0,0,1804690732,1,18.15,0.0,18.15,0.0,12.81,12.81,5.34,USD,2026-08-15T12:00:00+00:00,GEN-20260815T120000Z-bcb100dcba34,CONFORMED
1073206143155790,10000294,9000151,ORD-009000151,20251027,2557867901969331,3716282090193685,1260600486,0,1803632588,1804690732,1,84.25,8.43,75.82,6.07,32.51,32.51,43.31,USD,2026-08-15T12:00:00+00:00,GEN-20260815T120000Z-bcb100dcba34,CONFORMED
2894252610506407,10000295,9000151,ORD-009000151,20251027,2557867901969331,4416817951113276,1260600486,0,1803632588,1804690732,1,17.69,0.88,16.81,1.01,11.26,11.26,5.55,USD,2026-08-15T12:00:00+00:00,GEN-20260815T120000Z-bcb100dcba34,CONFORMED
6443217341354094,10000296,9000152,ORD-009000152,20260527,2808670043422653,474492826655179,478277131,19658864,0,594711114,1,37.63,0.0,37.63,3.01,22.77,22.77,14.86,USD,2026-08-15T12:00:00+00:00,GEN-20260815T120000Z-bcb100dcba34,CONFORMED
8249453225503803,10000297,9000152,ORD-009000152,20260527,2808670043422653,386796752073287,478277131,19658864,0,594711114,2,270.92,0.0,270.92,21.67,58.61,117.22,153.7,USD,2026-08-15T12:00:00+00:00,GEN-20260815T120000Z-bcb100dcba34,CONFORMED
3155564251621112,10000298,9000152,ORD-009000152,20260527,2808670043422653,2233084524616562,478277131,19658864,0,594711114,2,55.94,0.0,55.94,2.8,16.93,33.86,22.08,USD,2026-08-15T12:00:00+00:00,GEN-20260815T120000Z-bcb100dcba34,CONFORMED
8206452469310235,10000299,9000153,ORD-009000153,20250514,3181997951349274,386796752073287,478277131,0,0,1804690732,2,270.92,0.0,270.92,13.55,58.61,117.22,153.7,USD,2026-08-15T12:00:00+00:00,GEN-20260815T120000Z-bcb100dcba34,CONFORMED
6807656629111533,10000300,9000153,ORD-009000153,20250514,3181997951349274,8691581070912008,478277131,0,0,1804690732,1,75.41,0.0,75.41,3.77,28.66,28.66,46.75,USD,2026-08-15T12:00:00+00:00,GEN-20260815T120000Z-bcb100dcba34,CONFORMED
5142824556423122,10000301,9000154,ORD-009000154,20260414,2804663144207255,8691581070912008,478277131,1576146963,0,594711114,1,75.41,0.0,75.41,4.52,28.66,28.66,46.75,USD,2026-08-15T12:00:00+00:00,GEN-20260815T120000Z-bcb100dcba34,CONFORMED
2349001613226375,10000302,9000155,ORD-009000155,20260209,2757805831335922,5386981819638820,172548094,0,1963048718,1804690732,1,55.14,5.51,49.63,2.98,29.62,29.62,20.01,USD,2026-08-15T12:00:00+00:00,GEN-20260815T120000Z-bcb100dcba34,CONFORMED
2953552530655787,10000303,9000156,ORD-009000156,20260101,7192464170153370,5154982643078032,61058121,0,0,1804690732,2,67.56,0.0,67.56,0.0,21.73,43.46,24.1,USD,2026-08-15T12:00:00+00:00,GEN-20260815T120000Z-bcb100dcba34,CONFORMED
252885219312542,10000304,9000156,ORD-009000156,20260101,7192464170153370,5251926197680486,61058121,0,0,1804690732,1,62.06,0.0,62.06,4.96,22.87,22.87,39.19,USD,2026-08-15T12:00:00+00:00,GEN-20260815T120000Z-bcb100dcba34,CONFORMED
2102359622200509,10000305,9000156,ORD-009000156,20260101,7192464170153370,4416817951113276,61058121,0,0,1804690732,1,17.69,0.0,17.69,1.42,11.26,11.26,6.43,USD,2026-08-15T12:00:00+00:00,GEN-20260815T120000Z-bcb100dcba34,CONFORMED
190455003821722,10000306,9000157,ORD-009000157,20260724,7192464170153370,2147509539509020,172548094,570015635,1816417506,594711114,1,56.51,2.83,53.68,3.22,35.78,35.78,17.9,USD,2026-08-15T12:00:00+00:00,GEN-20260815T120000Z-bcb100dcba34,CONFORMED
1740902299450252,10000307,9000157,ORD-009000157,20260724,7192464170153370,8143506748174746,172548094,570015635,1816417506,594711114,2,209.56,20.96,188.6,0.0,37.65,75.3,113.3,USD,2026-08-15T12:00:00+00:00,GEN-20260815T120000Z-bcb100dcba34,CONFORMED
7677825551357649,10000308,9000157,ORD-009000157,20260724,7192464170153370,4164323111342627,172548094,570015635,1816417506,594711114,1,72.76,7.28,65.48,3.93,27.25,27.25,38.23,USD,2026-08-15T12:00:00+00:00,GEN-20260815T120000Z-bcb100dcba34,CONFORMED
627064761375693,10000309,9000157,ORD-009000157,20260724,7192464170153370,1766611708860200,172548094,570015635,1816417506,594711114,1,19.79,0.99,18.8,1.13,12.54,12.54,6.26,USD,2026-08-15T12:00:00+00:00,GEN-20260815T120000Z-bcb100dcba34,CONFORMED
1537954988054086,10000310,9000157,ORD-009000157,20260724,7192464170153370,4416817951113276,172548094,570015635,1816417506,594711114,1,17.69,0.88,16.81,1.34,11.26,11.26,5.55,USD,2026-08-15T12:00:00+00:00,GEN-20260815T120000Z-bcb100dcba34,CONFORMED
5352202995787319,10000311,9000158,ORD-009000158,20250831,3181997951349274,7918986721572446,61058121,0,0,1804690732,1,31.14,0.0,31.14,0.0,16.68,16.68,14.46,USD,2026-08-15T12:00:00+00:00,GEN-20260815T120000Z-bcb100dcba34,CONFORMED
5875585891032302,10000312,9000159,ORD-009000159,20251110,1463022394098365,7664493151913903,172548094,1499355545,0,594711114,1,38.33,0.0,38.33,3.07,17.8,17.8,20.53,USD,2026-08-15T12:00:00+00:00,GEN-20260815T120000Z-bcb100dcba34,CONFORMED
2485461051543776,10000313,9000159,ORD-009000159,20251110,1463022394098365,3032648064728305,172548094,1499355545,0,594711114,1,37.57,0.0,37.57,3.01,20.21,20.21,17.36,USD,2026-08-15T12:00:00+00:00,GEN-20260815T120000Z-bcb100dcba34,CONFORMED
1746586293950868,10000314,9000159,ORD-009000159,20251110,1463022394098365,4416817951113276,172548094,1499355545,0,594711114,2,35.38,0.0,35.38,2.83,11.26,22.52,12.86,USD,2026-08-15T12:00:00+00:00,GEN-20260815T120000Z-bcb100dcba34,CONFORMED
1328278961133012,10000315,9000159,ORD-009000159,20251110,1463022394098365,4549899389918930,172548094,1499355545,0,594711114,1,48.67,0.0,48.67,0.0,34.72,34.72,13.95,USD,2026-08-15T12:00:00+00:00,GEN-20260815T120000Z-bcb100dcba34,CONFORMED
5665319830467842,10000316,9000160,ORD-009000160,20241211,8817168331941856,5154982643078032,1260600486,0,0,1804690732,1,33.78,0.0,33.78,1.69,21.73,21.73,12.05,USD,2026-08-15T12:00:00+00:00,GEN-20260815T120000Z-bcb100dcba34,CONFORMED
2489210193561702,10000317,9000160,ORD-009000160,20241211,8817168331941856,4129016370106678,1260600486,0,0,1804690732,2,36.3,0.0,36.3,1.81,12.81,25.62,10.68,USD,2026-08-15T12:00:00+00:00,GEN-20260815T120000Z-bcb100dcba34,CONFORMED
6069930973865549,10000318,9000160,ORD-009000160,20241211,8817168331941856,5386981819638820,1260600486,0,0,1804690732,2,110.28,0.0,110.28,8.82,29.62,59.24,51.04,USD,2026-08-15T12:00:00+00:00,GEN-20260815T120000Z-bcb100dcba34,CONFORMED
6636113599078807,10000319,9000161,ORD-009000161,20251106,2557867901969331,4129016370106678,478277131,569013073,1816417506,594711114,1,18.15,0.91,17.24,1.38,12.81,12.81,4.43,USD,2026-08-15T12:00:00+00:00,GEN-20260815T120000Z-bcb100dcba34,CONFORMED
1270752429093933,10000320,9000161,ORD-009000161,20251106,2557867901969331,1766611708860200,478277131,569013073,1816417506,594711114,1,19.79,2.97,16.82,0.0,12.54,12.54,4.28,USD,2026-08-15T12:00:00+00:00,GEN-20260815T120000Z-bcb100dcba34,CONFORMED
235174738236932,10000321,9000162,ORD-009000162,20260715,2808670043422653,4129016370106678,478277131,0,0,1804690732,1,18.15,0.0,18.15,0.91,12.81,12.81,5.34,USD,2026-08-15T12:00:00+00:00,GEN-20260815T120000Z-bcb100dcba34,CONFORMED
5987279071678859,10000322,9000163,ORD-009000163,20251025,7843084264826599,5154982643078032,172548094,1499355545,1803632588,594711114,1,33.78,3.38,30.4,0.0,21.73,21.73,8.67,USD,2026-08-15T12:00:00+00:00,GEN-20260815T120000Z-bcb100dcba34,CONFORMED
2534745313114323,10000323,9000163,ORD-009000163,20251025,7843084264826599,2828872884913695,172548094,1499355545,1803632588,594711114,1,55.34,8.3,47.04,2.35,28.8,28.8,18.24,USD,2026-08-15T12:00:00+00:00,GEN-20260815T120000Z-bcb100dcba34,CONFORMED
5172155964025004,10000324,9000163,ORD-009000163,20251025,7843084264826599,6861065333208789,172548094,1499355545,1803632588,594711114,1,31.3,1.57,29.73,0.0,15.29,15.29,14.44,USD,2026-08-15T12:00:00+00:00,GEN-20260815T120000Z-bcb100dcba34,CONFORMED
4959133092137148,10000325,9000163,ORD-009000163,20251025,7843084264826599,4181652019472531,172548094,1499355545,1803632588,594711114,3,162.84,8.14,154.7,0.0,33.16,99.48,55.22,USD,2026-08-15T12:00:00+00:00,GEN-20260815T120000Z-bcb100dcba34,CONFORMED
8324229402898208,10000326,9000164,ORD-009000164,20260517,2808670043422653,3032648064728305,304722673,0,1816417506,1804690732,1,37.57,3.76,33.81,0.0,20.21,20.21,13.6,USD,2026-08-15T12:00:00+00:00,GEN-20260815T120000Z-bcb100dcba34,CONFORMED
8235252364542534,10000327,9000164,ORD-009000164,20260517,2808670043422653,8691581070912008,304722673,0,1816417506,1804690732,1,75.41,3.77,71.64,4.3,28.66,28.66,42.98,USD,2026-08-15T12:00:00+00:00,GEN-20260815T120000Z-bcb100dcba34,CONFORMED
8436264671997610,10000328,9000165,ORD-009000165,20241212,8768151730083005,2147509539509020,172548094,622601068,1803632588,594711114,1,56.51,2.83,53.68,2.68,35.78,35.78,17.9,USD,2026-08-15T12:00:00+00:00,GEN-20260815T120000Z-bcb100dcba34,CONFORMED
6523583515753487,10000329,9000165,ORD-009000165,20241212,8768151730083005,3032648064728305,172548094,622601068,1803632588,594711114,1,37.57,3.76,33.81,2.7,20.21,20.21,13.6,USD,2026-08-15T12:00:00+00:00,GEN-20260815T120000Z-bcb100dcba34,CONFORMED
7575615232105012,10000330,9000165,ORD-009000165,20241212,8768151730083005,4129016370106678,172548094,622601068,1803632588,594711114,2,36.3,1.81,34.49,1.72,12.81,25.62,8.87,USD,2026-08-15T12:00:00+00:00,GEN-20260815T120000Z-bcb100dcba34,CONFORMED
8850441194282166,10000331,9000165,ORD-009000165,20241212,8768151730083005,2828872884913695,172548094,622601068,1803632588,594711114,2,110.68,5.53,105.15,8.41,28.8,57.6,47.55,USD,2026-08-15T12:00:00+00:00,GEN-20260815T120000Z-bcb100dcba34,CONFORMED
2194676516653269,10000332,9000166,ORD-009000166,20250805,794977933153845,2147509539509020,172548094,0,1803632588,1804690732,2,113.02,16.95,96.07,7.69,35.78,71.56,24.51,USD,2026-08-15T12:00:00+00:00,GEN-20260815T120000Z-bcb100dcba34,CONFORMED
2831689910660213,10000333,9000166,ORD-009000166,20250805,794977933153845,576097166161434,172548094,0,1803632588,1804690732,1,32.24,3.22,29.02,1.74,21.91,21.91,7.11,USD,2026-08-15T12:00:00+00:00,GEN-20260815T120000Z-bcb100dcba34,CONFORMED
8929764565220436,10000334,9000166,ORD-009000166,20250805,794977933153845,4416817951113276,172548094,0,1803632588,1804690732,1,17.69,2.65,15.04,1.2,11.26,11.26,3.78,USD,2026-08-15T12:00:00+00:00,GEN-20260815T120000Z-bcb100dcba34,CONFORMED
2179911381958757,10000335,9000167,ORD-009000167,20260427,591088753759883,4604252301016453,61058121,0,1963048718,1804690732,2,65.16,9.77,55.39,2.77,17.78,35.56,19.83,USD,2026-08-15T12:00:00+00:00,GEN-20260815T120000Z-bcb100dcba34,CONFORMED
1356453214933307,10000336,9000168,ORD-009000168,20260702,7184689625878381,2233084524616562,1260600486,0,1816417506,1804690732,1,27.97,1.4,26.57,1.33,16.93,16.93,9.64,USD,2026-08-15T12:00:00+00:00,GEN-20260815T120000Z-bcb100dcba34,CONFORMED
314124636279778,10000337,9000169,ORD-009000169,20251108,7884962455242156,474492826655179,172548094,0,1816417506,1804690732,1,37.63,3.76,33.87,1.69,22.77,22.77,11.1,USD,2026-08-15T12:00:00+00:00,GEN-20260815T120000Z-bcb100dcba34,CONFORMED
134994187485973,10000338,9000169,ORD-009000169,20251108,7884962455242156,7664493151913903,172548094,0,1816417506,1804690732,1,38.33,5.75,32.58,0.0,17.8,17.8,14.78,USD,2026-08-15T12:00:00+00:00,GEN-20260815T120000Z-bcb100dcba34,CONFORMED
2807902442888202,10000339,9000170,ORD-009000170,20260423,1789297717188187,7613645851540336,304722673,0,0,1804690732,1,94.96,0.0,94.96,7.6,36.23,36.23,58.73,USD,2026-08-15T12:00:00+00:00,GEN-20260815T120000Z-bcb100dcba34,CONFORMED
7848979111601390,10000340,9000170,ORD-009000170,20260423,1789297717188187,7782516826468121,304722673,0,0,1804690732,2,69.98,0.0,69.98,5.6,13.43,26.86,43.12,USD,2026-08-15T12:00:00+00:00,GEN-20260815T120000Z-bcb100dcba34,CONFORMED
8240552118261711,10000341,9000170,ORD-009000170,20260423,1789297717188187,6327175657987570,304722673,0,0,1804690732,1,52.9,0.0,52.9,3.17,20.3,20.3,32.6,USD,2026-08-15T12:00:00+00:00,GEN-20260815T120000Z-bcb100dcba34,CONFORMED
2078580243561198,10000342,9000171,ORD-009000171,20250516,1349015784083648,4164323111342627,478277131,19658864,1816417506,594711114,1,72.76,10.91,61.85,4.95,27.25,27.25,34.6,USD,2026-08-15T12:00:00+00:00,GEN-20260815T120000Z-bcb100dcba34,CONFORMED
4040850732774113,10000343,9000171,ORD-009000171,20250516,1349015784083648,576097166161434,478277131,19658864,1816417506,594711114,1,32.24,1.61,30.63,1.84,21.91,21.91,8.72,USD,2026-08-15T12:00:00+00:00,GEN-20260815T120000Z-bcb100dcba34,CONFORMED
3298932300938544,10000344,9000171,ORD-009000171,20250516,1349015784083648,7409741828878356,478277131,19658864,1816417506,594711114,1,50.46,7.57,42.89,2.14,27.74,27.74,15.15,USD,2026-08-15T12:00:00+00:00,GEN-20260815T120000Z-bcb100dcba34,CONFORMED
5736116888211548,10000345,9000172,ORD-009000172,20260105,8731009255192300,6470234594172962,304722673,765552334,1816417506,594711114,1,36.17,1.81,34.36,2.75,18.38,18.38,15.98,USD,2026-08-15T12:00:00+00:00,GEN-20260815T120000Z-bcb100dcba34,CONFORMED
267910227986351,10000346,9000173,ORD-009000173,20241021,7313078781324406,5386981819638820,172548094,0,0,1804690732,2,110.28,0.0,110.28,0.0,29.62,59.24,51.04,USD,2026-08-15T12:00:00+00:00,GEN-20260815T120000Z-bcb100dcba34,CONFORMED
1319081705004429,10000347,9000173,ORD-009000173,20241021,7313078781324406,2147509539509020,172548094,0,0,1804690732,1,56.51,0.0,56.51,2.83,35.78,35.78,20.73,USD,2026-08-15T12:00:00+00:00,GEN-20260815T120000Z-bcb100dcba34,CONFORMED
8418982607018763,10000348,9000173,ORD-009000173,20241021,7313078781324406,3032648064728305,172548094,0,0,1804690732,1,37.57,0.0,37.57,1.88,20.21,20.21,17.36,USD,2026-08-15T12:00:00+00:00,GEN-20260815T120000Z-bcb100dcba34,CONFORMED
1988046655174551,10000349,9000174,ORD-009000174,20241010,8817168331941856,474492826655179,304722673,0,0,1804690732,2,75.26,0.0,75.26,6.02,22.77,45.54,29.72,USD,2026-08-15T12:00:00+00:00,GEN-20260815T120000Z-bcb100dcba34,CONFORMED
8967474050752867,10000350,9000175,ORD-009000175,20260312,4566388876505702,8691581070912008,172548094,0,1963048718,1804690732,1,75.41,11.31,64.1,5.13,28.66,28.66,35.44,USD,2026-08-15T12:00:00+00:00,GEN-20260815T120000Z-bcb100dcba34,CONFORMED
7455746200988285,10000351,9000175,ORD-009000175,20260312,4566388876505702,6470234594172962,172548094,0,1963048718,1804690732,2,72.34,10.85,61.49,3.07,18.38,36.76,24.73,USD,2026-08-15T12:00:00+00:00,GEN-20260815T120000Z-bcb100dcba34,CONFORMED
7269251573638678,10000352,9000175,ORD-009000175,20260312,4566388876505702,386796752073287,172548094,0,1963048718,1804690732,2,270.92,13.55,257.37,20.59,58.61,117.22,140.15,USD,2026-08-15T12:00:00+00:00,GEN-20260815T120000Z-bcb100dcba34,CONFORMED
6384564562792787,10000353,9000175,ORD-009000175,20260312,4566388876505702,6861065333208789,172548094,0,1963048718,1804690732,1,31.3,1.57,29.73,2.38,15.29,15.29,14.44,USD,2026-08-15T12:00:00+00:00,GEN-20260815T120000Z-bcb100dcba34,CONFORMED
6231906627838090,10000354,9000176,ORD-009000176,20260329,2757805831335922,1766611708860200,172548094,0,0,1804690732,1,19.79,0.0,19.79,1.19,12.54,12.54,7.25,USD,2026-08-15T12:00:00+00:00,GEN-20260815T120000Z-bcb100dcba34,CONFORMED
4456475759725843,10000355,9000177,ORD-009000177,20240605,1349015784083648,7664493151913903,172548094,238228206,0,594711114,1,38.33,0.0,38.33,2.3,17.8,17.8,20.53,USD,2026-08-15T12:00:00+00:00,GEN-20260815T120000Z-bcb100dcba34,CONFORMED
4570147651398421,10000356,9000178,ORD-009000178,20260717,2726281251948809,3966191321720857,61058121,0,1963048718,1804690732,2,280.28,42.04,238.24,0.0,69.19,138.38,99.86,USD,2026-08-15T12:00:00+00:00,GEN-20260815T120000Z-bcb100dcba34,CONFORMED
5554017592238872,10000357,9000179,ORD-009000179,20260512,2818642453153213,4604252301016453,478277131,0,1963048718,1804690732,1,32.58,4.89,27.69,1.38,17.78,17.78,9.91,USD,2026-08-15T12:00:00+00:00,GEN-20260815T120000Z-bcb100dcba34,CONFORMED
1678768566256275,10000358,9000179,ORD-009000179,20260512,2818642453153213,6470234594172962,478277131,0,1963048718,1804690732,1,36.17,5.43,30.74,1.84,18.38,18.38,12.36,USD,2026-08-15T12:00:00+00:00,GEN-20260815T120000Z-bcb100dcba34,CONFORMED
7172490483276896,10000359,9000180,ORD-009000180,20240419,8768151730083005,4604252301016453,478277131,19658864,0,594711114,1,32.58,0.0,32.58,1.95,17.78,17.78,14.8,USD,2026-08-15T12:00:00+00:00,GEN-20260815T120000Z-bcb100dcba34,CONFORMED
1994929421046206,10000360,9000180,ORD-009000180,20240419,8768151730083005,5251926197680486,478277131,19658864,0,594711114,2,124.12,0.0,124.12,7.45,22.87,45.74,78.38,USD,2026-08-15T12:00:00+00:00,GEN-20260815T120000Z-bcb100dcba34,CONFORMED
943655449467251,10000361,9000180,ORD-009000180,20240419,8768151730083005,3716282090193685,478277131,19658864,0,594711114,2,168.5,0.0,168.5,13.48,32.51,65.02,103.48,USD,2026-08-15T12:00:00+00:00,GEN-20260815T120000Z-bcb100dcba34,CONFORMED
3763182258657278,10000362,9000180,ORD-009000180,20240419,8768151730083005,7918986721572446,478277131,19658864,0,594711114,1,31.14,0.0,31.14,0.0,16.68,16.68,14.46,USD,2026-08-15T12:00:00+00:00,GEN-20260815T120000Z-bcb100dcba34,CONFORMED
5004487665337142,10000363,9000181,ORD-009000181,20260713,591088753759883,5154982643078032,304722673,0,1803632588,1804690732,4,135.12,20.27,114.85,5.74,21.73,86.92,27.93,USD,2026-08-15T12:00:00+00:00,GEN-20260815T120000Z-bcb100dcba34,CONFORMED
183593513385908,10000364,9000182,ORD-009000182,20241014,2557867901969331,3716282090193685,1260600486,253917679,1963048718,594711114,1,84.25,8.43,75.82,4.55,32.51,32.51,43.31,USD,2026-08-15T12:00:00+00:00,GEN-20260815T120000Z-bcb100dcba34,CONFORMED
2755336426133301,10000365,9000182,ORD-009000182,20241014,2557867901969331,7613645851540336,1260600486,253917679,1963048718,594711114,1,94.96,9.5,85.46,4.27,36.23,36.23,49.23,USD,2026-08-15T12:00:00+00:00,GEN-20260815T120000Z-bcb100dcba34,CONFORMED
7664444592643588,10000366,9000182,ORD-009000182,20241014,2557867901969331,8143506748174746,1260600486,253917679,1963048718,594711114,1,104.78,5.24,99.54,7.96,37.65,37.65,61.89,USD,2026-08-15T12:00:00+00:00,GEN-20260815T120000Z-bcb100dcba34,CONFORMED
4910975943884506,10000367,9000182,ORD-009000182,20241014,2557867901969331,5251926197680486,1260600486,253917679,1963048718,594711114,1,62.06,3.1,58.96,3.54,22.87,22.87,36.09,USD,2026-08-15T12:00:00+00:00,GEN-20260815T120000Z-bcb100dcba34,CONFORMED
8159444081513499,10000368,9000182,ORD-009000182,20241014,2557867901969331,4549899389918930,1260600486,253917679,1963048718,594711114,2,97.34,4.87,92.47,0.0,34.72,69.44,23.03,USD,2026-08-15T12:00:00+00:00,GEN-20260815T120000Z-bcb100dcba34,CONFORMED
4452303458575142,10000369,9000183,ORD-009000183,20251018,731624427423375,3246278552185507,1260600486,0,0,1804690732,1,21.47,0.0,21.47,1.72,7.82,7.82,13.65,USD,2026-08-15T12:00:00+00:00,GEN-20260815T120000Z-bcb100dcba34,CONFORMED
4683837883622611,10000370,9000183,ORD-009000183,20251018,731624427423375,7613645851540336,1260600486,0,0,1804690732,1,94.96,0.0,94.96,0.0,36.23,36.23,58.73,USD,2026-08-15T12:00:00+00:00,GEN-20260815T120000Z-bcb100dcba34,CONFORMED
1857878157647265,10000371,9000184,ORD-009000184,20250718,5479743518798183,4416817951113276,61058121,0,1963048718,1804690732,2,35.38,3.54,31.84,1.91,11.26,22.52,9.32,USD,2026-08-15T12:00:00+00:00,GEN-20260815T120000Z-bcb100dcba34,CONFORMED
7495306356999659,10000372,9000184,ORD-009000184,20250718,5479743518798183,6327175657987570,61058121,0,1963048718,1804690732,1,52.9,5.29,47.61,2.86,20.3,20.3,27.31,USD,2026-08-15T12:00:00+00:00,GEN-20260815T120000Z-bcb100dcba34,CONFORMED
340709526835124,10000373,9000184,ORD-009000184,20250718,5479743518798183,6861065333208789,61058121,0,1963048718,1804690732,1,31.3,1.57,29.73,2.38,15.29,15.29,14.44,USD,2026-08-15T12:00:00+00:00,GEN-20260815T120000Z-bcb100dcba34,CONFORMED
1765642624215031,10000374,9000185,ORD-009000185,20260502,2804663144207255,6470234594172962,172548094,0,0,1804690732,3,108.51,0.0,108.51,0.0,18.38,55.14,53.37,USD,2026-08-15T12:00:00+00:00,GEN-20260815T120000Z-bcb100dcba34,CONFORMED
1661671226600047,10000375,9000186,ORD-009000186,20260717,1789297717188187,2233084524616562,304722673,0,0,1804690732,1,27.97,0.0,27.97,0.0,16.93,16.93,11.04,USD,2026-08-15T12:00:00+00:00,GEN-20260815T120000Z-bcb100dcba34,CONFORMED
7666546194982435,10000376,9000186,ORD-009000186,20260717,1789297717188187,1766611708860200,304722673,0,0,1804690732,1,19.79,0.0,19.79,0.99,12.54,12.54,7.25,USD,2026-08-15T12:00:00+00:00,GEN-20260815T120000Z-bcb100dcba34,CONFORMED
7814000137547961,10000377,9000186,ORD-009000186,20260717,1789297717188187,8143506748174746,304722673,0,0,1804690732,2,209.56,0.0,209.56,0.0,37.65,75.3,134.26,USD,2026-08-15T12:00:00+00:00,GEN-20260815T120000Z-bcb100dcba34,CONFORMED
4098652533522122,10000378,9000186,ORD-009000186,20260717,1789297717188187,4416817951113276,304722673,0,0,1804690732,1,17.69,0.0,17.69,1.06,11.26,11.26,6.43,USD,2026-08-15T12:00:00+00:00,GEN-20260815T120000Z-bcb100dcba34,CONFORMED
7112520971738024,10000379,9000187,ORD-009000187,20241209,7843084264826599,8691581070912008,61058121,0,0,1804690732,3,226.23,0.0,226.23,13.57,28.66,85.98,140.25,USD,2026-08-15T12:00:00+00:00,GEN-20260815T120000Z-bcb100dcba34,CONFORMED
2326704465296917,10000380,9000188,ORD-009000188,20240531,7092616233756724,4416817951113276,1260600486,0,0,1804690732,1,17.69,0.0,17.69,1.42,11.26,11.26,6.43,USD,2026-08-15T12:00:00+00:00,GEN-20260815T120000Z-bcb100dcba34,CONFORMED
7167718855020198,10000381,9000189,ORD-009000189,20260720,4825638724253484,2828872884913695,478277131,0,1963048718,1804690732,2,110.68,5.53,105.15,8.41,28.8,57.6,47.55,USD,2026-08-15T12:00:00+00:00,GEN-20260815T120000Z-bcb100dcba34,CONFORMED
1099568510550506,10000382,9000189,ORD-009000189,20260720,4825638724253484,7613645851540336,478277131,0,1963048718,1804690732,1,94.96,14.24,80.72,4.04,36.23,36.23,44.49,USD,2026-08-15T12:00:00+00:00,GEN-20260815T120000Z-bcb100dcba34,CONFORMED
4944568942736494,10000383,9000190,ORD-009000190,20260714,8731009255192300,4549899389918930,1260600486,1570779588,1963048718,594711114,2,97.34,4.87,92.47,5.55,34.72,69.44,23.03,USD,2026-08-15T12:00:00+00:00,GEN-20260815T120000Z-bcb100dcba34,CONFORMED
929119985194147,10000384,9000191,ORD-009000191,20260714,7184689625878381,5251926197680486,304722673,0,1803632588,1804690732,1,62.06,6.21,55.85,0.0,22.87,22.87,32.98,USD,2026-08-15T12:00:00+00:00,GEN-20260815T120000Z-bcb100dcba34,CONFORMED
3811957913512160,10000385,9000192,ORD-009000192,20250926,3026491895390511,3032648064728305,172548094,238228206,1803632588,594711114,1,37.57,3.76,33.81,1.69,20.21,20.21,13.6,USD,2026-08-15T12:00:00+00:00,GEN-20260815T120000Z-bcb100dcba34,CONFORMED
1960623786134503,10000386,9000193,ORD-009000193,20251208,3478244574355769,8143506748174746,304722673,0,1816417506,1804690732,1,104.78,5.24,99.54,4.98,37.65,37.65,61.89,USD,2026-08-15T12:00:00+00:00,GEN-20260815T120000Z-bcb100dcba34,CONFORMED
5899600437117910,10000387,9000194,ORD-009000194,20250520,5046657678793971,3966191321720857,1260600486,0,1803632588,1804690732,1,140.14,21.02,119.12,7.15,69.19,69.19,49.93,USD,2026-08-15T12:00:00+00:00,GEN-20260815T120000Z-bcb100dcba34,CONFORMED
519765269729755,10000388,9000195,ORD-009000195,20260315,7192464170153370,7918986721572446,304722673,2008381844,1803632588,594711114,1,31.14,4.67,26.47,2.12,16.68,16.68,9.79,USD,2026-08-15T12:00:00+00:00,GEN-20260815T120000Z-bcb100dcba34,CONFORMED
291615471065482,10000389,9000195,ORD-009000195,20260315,7192464170153370,5251926197680486,304722673,2008381844,1803632588,594711114,1,62.06,3.1,58.96,2.95,22.87,22.87,36.09,USD,2026-08-15T12:00:00+00:00,GEN-20260815T120000Z-bcb100dcba34,CONFORMED
8782744760920309,10000390,9000196,ORD-009000196,20240605,1349015784083648,4604252301016453,61058121,120292384,1963048718,594711114,1,32.58,1.63,30.95,1.55,17.78,17.78,13.17,USD,2026-08-15T12:00:00+00:00,GEN-20260815T120000Z-bcb100dcba34,CONFORMED
3577875894367600,10000391,9000197,ORD-009000197,20260626,7500354694182940,7782516826468121,1260600486,0,1963048718,1804690732,2,69.98,10.5,59.48,0.0,13.43,26.86,32.62,USD,2026-08-15T12:00:00+00:00,GEN-20260815T120000Z-bcb100dcba34,CONFORMED
3647970747780274,10000392,9000198,ORD-009000198,20241205,4142859620013041,3716282090193685,172548094,1499355545,0,594711114,1,84.25,0.0,84.25,5.05,32.51,32.51,51.74,USD,2026-08-15T12:00:00+00:00,GEN-20260815T120000Z-bcb100dcba34,CONFORMED
3762143904159952,10000393,9000198,ORD-009000198,20241205,4142859620013041,4164323111342627,172548094,1499355545,0,594711114,2,145.52,0.0,145.52,0.0,27.25,54.5,91.02,USD,2026-08-15T12:00:00+00:00,GEN-20260815T120000Z-bcb100dcba34,CONFORMED
5292957711333217,10000394,9000199,ORD-009000199,20260704,7184689625878381,474492826655179,1260600486,0,0,1804690732,1,37.63,0.0,37.63,1.88,22.77,22.77,14.86,USD,2026-08-15T12:00:00+00:00,GEN-20260815T120000Z-bcb100dcba34,CONFORMED
1356429242834929,10000395,9000200,ORD-009000200,20260718,1789297717188187,6327175657987570,304722673,0,1803632588,1804690732,1,52.9,2.65,50.25,3.01,20.3,20.3,29.95,USD,2026-08-15T12:00:00+00:00,GEN-20260815T120000Z-bcb100dcba34,CONFORMED
1164892365592891,10000396,9000200,ORD-009000200,20260718,1789297717188187,8143506748174746,304722673,0,1803632588,1804690732,1,104.78,15.72,89.06,0.0,37.65,37.65,51.41,USD,2026-08-15T12:00:00+00:00,GEN-20260815T120000Z-bcb100dcba34,CONFORMED
3686174385844986,10000397,9000200,ORD-009000200,20260718,1789297717188187,3966191321720857,304722673,0,1803632588,1804690732,2,280.28,28.03,252.25,20.18,69.19,138.38,113.87,USD,2026-08-15T12:00:00+00:00,GEN-20260815T120000Z-bcb100dcba34,CONFORMED
2872242091283822,10000398,9000200,ORD-009000200,20260718,1789297717188187,3716282090193685,304722673,0,1803632588,1804690732,1,84.25,4.21,80.04,0.0,32.51,32.51,47.53,USD,2026-08-15T12:00:00+00:00,GEN-20260815T120000Z-bcb100dcba34,CONFORMED
4321486004202711,10000399,9000200,ORD-009000200,20260718,1789297717188187,3246278552185507,304722673,0,1803632588,1804690732,1,21.47,3.22,18.25,0.91,7.82,7.82,10.43,USD,2026-08-15T12:00:00+00:00,GEN-20260815T120000Z-bcb100dcba34,CONFORMED
