marketing_spend_key,spend_date_key,campaign_key,channel_key,spend_amount,impressions,clicks,currency_code,load_timestamp_utc,batch_id,source_system
381681091388990,20250307,591997275,359664538,300.94,15603,1649,USD,2026-08-15T12:00:00+00:00,GEN-20260815T120000Z-bcb100dcba34,POSTGRES_DIGITAL
5364248914426185,20250308,591997275,359664538,175.27,28342,275,USD,2026-08-15T12:00:00+00:00,GEN-20260815T120000Z-bcb100dcba34,POSTGRES_DIGITAL
7054445018061130,20250309,591997275,359664538,115.17,6782,1433,USD,2026-08-15T12:00:00+00:00,GEN-20260815T120000Z-bcb100dcba34,POSTGRES_DIGITAL
1099087300180987,20250310,591997275,359664538,214.7,49752,1171,USD,2026-08-15T12:00:00+00:00,GEN-20260815T120000Z-bcb100dcba34,POSTGRES_DIGITAL
8837549889399043,20250311,591997275,359664538,368.19,30476,1872,USD,2026-08-15T12:00:00+00:00,GEN-20260815T120000Z-bcb100dcba34,POSTGRES_DIGITAL
3443987816873194,20250312,591997275,359664538,225.96,13720,442,USD,2026-08-15T12:00:00+00:00,GEN-20260815T120000Z-bcb100dcba34,POSTGRES_DIGITAL
787523385464399,20250313,591997275,359664538,411.51,31093,1300,USD,2026-08-15T12:00:00+00:00,GEN-20260815T120000Z-bcb100dcba34,POSTGRES_DIGITAL
8851237352545370,20250314,591997275,359664538,266.83,26581,1879,USD,2026-08-15T12:00:00+00:00,GEN-20260815T120000Z-bcb100dcba34,POSTGRES_DIGITAL
2513589001502274,20250315,591997275,359664538,460.11,15709,1536,USD,2026-08-15T12:00:00+00:00,GEN-20260815T120000Z-bcb100dcba34,POSTGRES_DIGITAL
7204459826891573,20250316,591997275,359664538,242.67,35859,1323,USD,2026-08-15T12:00:00+00:00,GEN-20260815T120000Z-bcb100dcba34,POSTGRES_DIGITAL
439628156865796,20250317,591997275,359664538,400.57,32927,913,USD,2026-08-15T12:00:00+00:00,GEN-20260815T120000Z-bcb100dcba34,POSTGRES_DIGITAL
8545916716452138,20250318,591997275,359664538,210.81,18813,904,USD,2026-08-15T12:00:00+00:00,GEN-20260815T120000Z-bcb100dcba34,POSTGRES_DIGITAL
483078751247564,20250319,591997275,359664538,349.53,36669,1403,USD,2026-08-15T12:00:00+00:00,GEN-20260815T120000Z-bcb100dcba34,POSTGRES_DIGITAL
3017731036375529,20250320,591997275,359664538,170.58,15555,183,USD,2026-08-15T12:00:00+00:00,GEN-20260815T120000Z-bcb100dcba34,POSTGRES_DIGITAL
5425909335370898,20250321,591997275,359664538,439.87,11045,1689,USD,2026-08-15T12:00:00+00:00,GEN-20260815T120000Z-bcb100dcba34,POSTGRES_DIGITAL
1630052586391824,20250322,591997275,359664538,437.89,15971,273,USD,2026-08-15T12:00:00+00:00,GEN-20260815T120000Z-bcb100dcba34,POSTGRES_DIGITAL
1894538481774538,20250323,591997275,359664538,247.26,1656,1555,USD,2026-08-15T12:00:00+00:00,GEN-20260815T120000Z-bcb100dcba34,POSTGRES_DIGITAL
6949880906914228,20250324,591997275,359664538,437.31,8277,1262,USD,2026-08-15T12:00:00+00:00,GEN-20260815T120000Z-bcb100dcba34,POSTGRES_DIGITAL
2361713010067367,20250325,591997275,359664538,96.11,41932,1189,USD,2026-08-15T12:00:00+00:00,GEN-20260815T120000Z-bcb100dcba34,POSTGRES_DIGITAL
171293207590067,20250326,591997275,359664538,292.52,48246,1522,USD,2026-08-15T12:00:00+00:00,GEN-20260815T120000Z-bcb100dcba34,POSTGRES_DIGITAL
5963697745695395,20250327,591997275,359664538,247.99,46567,553,USD,2026-08-15T12:00:00+00:00,GEN-20260815T120000Z-bcb100dcba34,POSTGRES_DIGITAL
1193595200841647,20250328,591997275,359664538,199.24,7657,1482,USD,2026-08-15T12:00:00+00:00,GEN-20260815T120000Z-bcb100dcba34,POSTGRES_DIGITAL
6814811245269534,20250329,591997275,359664538,18.74,30834,265,USD,2026-08-15T12:00:00+00:00,GEN-20260815T120000Z-bcb100dcba34,POSTGRES_DIGITAL
4083257175962219,20250330,591997275,359664538,472.77,41189,1050,USD,2026-08-15T12:00:00+00:00,GEN-20260815T120000Z-bcb100dcba34,POSTGRES_DIGITAL
3245343428304868,20250331,591997275,359664538,145.84,13732,1189,USD,2026-08-15T12:00:00+00:00,GEN-20260815T120000Z-bcb100dcba34,POSTGRES_DIGITAL
3328831133191692,20250401,591997275,359664538,75.37,46188,355,USD,2026-08-15T12:00:00+00:00,GEN-20260815T120000Z-bcb100dcba34,POSTGRES_DIGITAL
2152237745442114,20250402,591997275,359664538,198.05,40198,141,USD,2026-08-15T12:00:00+00:00,GEN-20260815T120000Z-bcb100dcba34,POSTGRES_DIGITAL
1858879391790632,20250403,591997275,359664538,180.4,40267,253,USD,2026-08-15T12:00:00+00:00,GEN-20260815T120000Z-bcb100dcba34,POSTGRES_DIGITAL
8609585417682599,20250404,591997275,359664538,427.53,4724,881,USD,2026-08-15T12:00:00+00:00,GEN-20260815T120000Z-bcb100dcba34,POSTGRES_DIGITAL
8255745653458705,20250405,591997275,359664538,400.68,43435,1813,USD,2026-08-15T12:00:00+00:00,GEN-20260815T120000Z-bcb100dcba34,POSTGRES_DIGITAL
5527492220761169,20250406,591997275,359664538,104.14,20253,1108,USD,2026-08-15T12:00:00+00:00,GEN-20260815T120000Z-bcb100dcba34,POSTGRES_DIGITAL
7372850602157101,20250407,591997275,359664538,172.79,34629,1480,USD,2026-08-15T12:00:00+00:00,GEN-20260815T120000Z-bcb100dcba34,POSTGRES_DIGITAL
997843572496542,20250408,591997275,359664538,63.34,16205,1951,USD,2026-08-15T12:00:00+00:00,GEN-20260815T120000Z-bcb100dcba34,POSTGRES_DIGITAL
3970684718676665,20250409,591997275,359664538,418.97,8366,1041,USD,2026-08-15T12:00:00+00:00,GEN-20260815T120000Z-bcb100dcba34,POSTGRES_DIGITAL
2799732485812621,20250410,591997275,359664538,93.25,26566,679,USD,2026-08-15T12:00:00+00:00,GEN-20260815T120000Z-bcb100dcba34,POSTGRES_DIGITAL
6024501282622701,20250411,591997275,359664538,457.53,43091,1825,USD,2026-08-15T12:00:00+00:00,GEN-20260815T120000Z-bcb100dcba34,POSTGRES_DIGITAL
376576771252112,20250412,591997275,359664538,380.97,14941,639,USD,2026-08-15T12:00:00+00:00,GEN-20260815T120000Z-bcb100dcba34,POSTGRES_DIGITAL
7543660790450703,20250413,591997275,359664538,44.83,8892,20,USD,2026-08-15T12:00:00+00:00,GEN-20260815T120000Z-bcb100dcba34,POSTGRES_DIGITAL
3857852042226540,20250414,591997275,359664538,168.36,23788,1005,USD,2026-08-15T12:00:00+00:00,GEN-20260815T120000Z-bcb100dcba34,POSTGRES_DIGITAL
2597012437388858,20250415,591997275,359664538,393.44,6730,1034,USD,2026-08-15T12:00:00+00:00,GEN-20260815T120000Z-bcb100dcba34,POSTGRES_DIGITAL
7353139943543830,20250416,591997275,359664538,140.91,49918,231,USD,2026-08-15T12:00:00+00:00,GEN-20260815T120000Z-bcb100dcba34,POSTGRES_DIGITAL
780024251060877,20250417,591997275,359664538,254.05,14276,1738,USD,2026-08-15T12:00:00+00:00,GEN-20260815T120000Z-bcb100dcba34,POSTGRES_DIGITAL
2645553336874324,20250418,591997275,359664538,257.46,20966,690,USD,2026-08-15T12:00:00+00:00,GEN-20260815T120000Z-bcb100dcba34,POSTGRES_DIGITAL
2676215594179516,20250419,591997275,359664538,168.4,13773,1774,USD,2026-08-15T12:00:00+00:00,GEN-20260815T120000Z-bcb100dcba34,POSTGRES_DIGITAL
905543511428275,20250420,591997275,359664538,44.5,15042,664,USD,2026-08-15T12:00:00+00:00,GEN-20260815T120000Z-bcb100dcba34,POSTGRES_DIGITAL
2421926063147704,20250421,591997275,359664538,422.47,38623,133,USD,2026-08-15T12:00:00+00:00,GEN-20260815T120000Z-bcb100dcba34,POSTGRES_DIGITAL
83201277912925,20250422,591997275,359664538,245.64,35426,64,USD,2026-08-15T12:00:00+00:00,GEN-20260815T120000Z-bcb100dcba34,POSTGRES_DIGITAL
5573849187256698,20250423,591997275,359664538,136.18,2920,1371,USD,2026-08-15T12:00:00+00:00,GEN-20260815T120000Z-bcb100dcba34,POSTGRES_DIGITAL
2962532095136985,20250424,591997275,359664538,479.95,10221,1731,USD,2026-08-15T12:00:00+00:00,GEN-20260815T120000Z-bcb100dcba34,POSTGRES_DIGITAL
4065198249994653,20250424,973488713,854565296,229.11,20222,1834,USD,2026-08-15T12:00:00+00:00,GEN-20260815T120000Z-bcb100dcba34,POSTGRES_DIGITAL
2505921905570059,20250425,591997275,359664538,463.18,49485,1125,USD,2026-08-15T12:00:00+00:00,GEN-20260815T120000Z-bcb100dcba34,POSTGRES_DIGITAL
17644954469081,20250425,973488713,854565296,691.9,40197,608,USD,2026-08-15T12:00:00+00:00,GEN-20260815T120000Z-bcb100dcba34,POSTGRES_DIGITAL
8812475479260282,20250426,591997275,359664538,219.35,13875,540,USD,2026-08-15T12:00:00+00:00,GEN-20260815T120000Z-bcb100dcba34,POSTGRES_DIGITAL
1739816039934235,20250426,973488713,854565296,690.27,39961,1607,USD,2026-08-15T12:00:00+00:00,GEN-20260815T120000Z-bcb100dcba34,POSTGRES_DIGITAL
1460103990725224,20250427,591997275,359664538,267.89,26466,1776,USD,2026-08-15T12:00:00+00:00,GEN-20260815T120000Z-bcb100dcba34,POSTGRES_DIGITAL
2148148580164221,20250427,973488713,854565296,499.69,46186,109,USD,2026-08-15T12:00:00+00:00,GEN-20260815T120000Z-bcb100dcba34,POSTGRES_DIGITAL
6678221119237322,20250428,591997275,359664538,45.76,40376,980,USD,2026-08-15T12:00:00+00:00,GEN-20260815T120000Z-bcb100dcba34,POSTGRES_DIGITAL
7493655234401589,20250428,973488713,854565296,288.56,16962,122,USD,2026-08-15T12:00:00+00:00,GEN-20260815T120000Z-bcb100dcba34,POSTGRES_DIGITAL
8146404134908763,20250429,591997275,359664538,226.04,47348,1603,USD,2026-08-15T12:00:00+00:00,GEN-20260815T120000Z-bcb100dcba34,POSTGRES_DIGITAL
4750066471085278,20250429,973488713,854565296,621.58,37967,1588,USD,2026-08-15T12:00:00+00:00,GEN-20260815T120000Z-bcb100dcba34,POSTGRES_DIGITAL
2351917914789193,20250430,591997275,359664538,405.5,28065,884,USD,2026-08-15T12:00:00+00:00,GEN-20260815T120000Z-bcb100dcba34,POSTGRES_DIGITAL
678551246888385,20250430,973488713,854565296,577.41,5309,1335,USD,2026-08-15T12:00:00+00:00,GEN-20260815T120000Z-bcb100dcba34,POSTGRES_DIGITAL
2661248005877688,20250501,591997275,359664538,215.26,22834,1516,USD,2026-08-15T12:00:00+00:00,GEN-20260815T120000Z-bcb100dcba34,POSTGRES_DIGITAL
3433519311592411,20250501,973488713,854565296,205.79,42748,83,USD,2026-08-15T12:00:00+00:00,GEN-20260815T120000Z-bcb100dcba34,POSTGRES_DIGITAL
6781714461631852,20250502,591997275,359664538,48.91,39815,1834,USD,2026-08-15T12:00:00+00:00,GEN-20260815T120000Z-bcb100dcba34,POSTGRES_DIGITAL
662630058345424,20250502,973488713,854565296,133.63,27255,804,USD,2026-08-15T12:00:00+00:00,GEN-20260815T120000Z-bcb100dcba34,POSTGRES_DIGITAL
1660428558862134,20250503,591997275,359664538,12.5,17179,306,USD,2026-08-15T12:00:00+00:00,GEN-20260815T120000Z-bcb100dcba34,POSTGRES_DIGITAL
2967256839333222,20250503,973488713,854565296,639.54,33608,1669,USD,2026-08-15T12:00:00+00:00,GEN-20260815T120000Z-bcb100dcba34,POSTGRES_DIGITAL
380575782698422,20250504,591997275,359664538,314.19,49721,699,USD,2026-08-15T12:00:00+00:00,GEN-20260815T120000Z-bcb100dcba34,POSTGRES_DIGITAL
5622551595223295,20250504,973488713,854565296,336.72,27829,643,USD,2026-08-15T12:00:00+00:00,GEN-20260815T120000Z-bcb100dcba34,POSTGRES_DIGITAL
6082774503358450,20250505,591997275,359664538,97.21,41038,1517,USD,2026-08-15T12:00:00+00:00,GEN-20260815T120000Z-bcb100dcba34,POSTGRES_DIGITAL
2035620472117943,20250505,973488713,854565296,314.13,27128,1781,USD,2026-08-15T12:00:00+00:00,GEN-20260815T120000Z-bcb100dcba34,POSTGRES_DIGITAL
7625025638446214,20250506,591997275,359664538,188.52,18295,1434,USD,2026-08-15T12:00:00+00:00,GEN-20260815T120000Z-bcb100dcba34,POSTGRES_DIGITAL
7521483135948956,20250506,973488713,854565296,596.56,1343,660,USD,2026-08-15T12:00:00+00:00,GEN-20260815T120000Z-bcb100dcba34,POSTGRES_DIGITAL
729720014742094,20250507,973488713,854565296,328.99,15603,542,USD,2026-08-15T12:00:00+00:00,GEN-20260815T120000Z-bcb100dcba34,POSTGRES_DIGITAL
4632091915833717,20250507,1288116758,359664538,678.82,3375,1727,USD,2026-08-15T12:00:00+00:00,GEN-20260815T120000Z-bcb100dcba34,POSTGRES_DIGITAL
4576715417480876,20250508,973488713,854565296,664.36,14773,996,USD,2026-08-15T12:00:00+00:00,GEN-20260815T120000Z-bcb100dcba34,POSTGRES_DIGITAL
503431768243228,20250508,1288116758,359664538,66.8,8228,217,USD,2026-08-15T12:00:00+00:00,GEN-20260815T120000Z-bcb100dcba34,POSTGRES_DIGITAL
4164005151919078,20250509,973488713,854565296,581.5,36441,207,USD,2026-08-15T12:00:00+00:00,GEN-20260815T120000Z-bcb100dcba34,POSTGRES_DIGITAL
2330743159754744,20250509,1288116758,359664538,318.5,33645,133,USD,2026-08-15T12:00:00+00:00,GEN-20260815T120000Z-bcb100dcba34,POSTGRES_DIGITAL
1067863476153600,20250510,973488713,854565296,377.52,33372,1305,USD,2026-08-15T12:00:00+00:00,GEN-20260815T120000Z-bcb100dcba34,POSTGRES_DIGITAL
6145322112071844,20250510,1288116758,359664538,350.54,24890,474,USD,2026-08-15T12:00:00+00:00,GEN-20260815T120000Z-bcb100dcba34,POSTGRES_DIGITAL
1081700251830078,20250511,973488713,854565296,609.97,43008,313,USD,2026-08-15T12:00:00+00:00,GEN-20260815T120000Z-bcb100dcba34,POSTGRES_DIGITAL
4076405863586334,20250511,1288116758,359664538,499.4,35143,560,USD,2026-08-15T12:00:00+00:00,GEN-20260815T120000Z-bcb100dcba34,POSTGRES_DIGITAL
7882052085757500,20250512,973488713,854565296,709.27,17213,493,USD,2026-08-15T12:00:00+00:00,GEN-20260815T120000Z-bcb100dcba34,POSTGRES_DIGITAL
7500563988649679,20250512,1288116758,359664538,26.71,586,1354,USD,2026-08-15T12:00:00+00:00,GEN-20260815T120000Z-bcb100dcba34,POSTGRES_DIGITAL
3743145250116200,20250513,973488713,854565296,691.49,22295,1497,USD,2026-08-15T12:00:00+00:00,GEN-20260815T120000Z-bcb100dcba34,POSTGRES_DIGITAL
5644682894119332,20250513,1288116758,359664538,416.97,11410,529,USD,2026-08-15T12:00:00+00:00,GEN-20260815T120000Z-bcb100dcba34,POSTGRES_DIGITAL
6774178673683011,20250514,973488713,854565296,199.2,38989,1134,USD,2026-08-15T12:00:00+00:00,GEN-20260815T120000Z-bcb100dcba34,POSTGRES_DIGITAL
1620906003991801,20250514,1288116758,359664538,145.01,36229,1573,USD,2026-08-15T12:00:00+00:00,GEN-20260815T120000Z-bcb100dcba34,POSTGRES_DIGITAL
8786915084514746,20250515,973488713,854565296,608.23,6902,49,USD,2026-08-15T12:00:00+00:00,GEN-20260815T120000Z-bcb100dcba34,POSTGRES_DIGITAL
1792280920051694,20250515,1288116758,359664538,177.32,6716,1569,USD,2026-08-15T12:00:00+00:00,GEN-20260815T120000Z-bcb100dcba34,POSTGRES_DIGITAL
6128099385645148,20250516,973488713,854565296,526.0,37329,547,USD,2026-08-15T12:00:00+00:00,GEN-20260815T120000Z-bcb100dcba34,POSTGRES_DIGITAL
3833789641946367,20250516,1288116758,359664538,267.5,36549,1320,USD,2026-08-15T12:00:00+00:00,GEN-20260815T120000Z-bcb100dcba34,POSTGRES_DIGITAL
3101086686851781,20250517,973488713,854565296,185.28,15919,249,USD,2026-08-15T12:00:00+00:00,GEN-20260815T120000Z-bcb100dcba34,POSTGRES_DIGITAL
231834005958649,20250517,1288116758,359664538,195.93,15523,1224,USD,2026-08-15T12:00:00+00:00,GEN-20260815T120000Z-bcb100dcba34,POSTGRES_DIGITAL
3028628466806430,20250518,973488713,854565296,343.57,20802,308,USD,2026-08-15T12:00:00+00:00,GEN-20260815T120000Z-bcb100dcba34,POSTGRES_DIGITAL
3355803900432746,20250518,1288116758,359664538,372.41,27807,963,USD,2026-08-15T12:00:00+00:00,GEN-20260815T120000Z-bcb100dcba34,POSTGRES_DIGITAL
2179471533840689,20250519,973488713,854565296,265.94,5010,520,USD,2026-08-15T12:00:00+00:00,GEN-20260815T120000Z-bcb100dcba34,POSTGRES_DIGITAL
2419297548366535,20250519,1288116758,359664538,181.3,12593,1106,USD,2026-08-15T12:00:00+00:00,GEN-20260815T120000Z-bcb100dcba34,POSTGRES_DIGITAL
212180304255996,20250520,973488713,854565296,225.45,46212,1561,USD,2026-08-15T12:00:00+00:00,GEN-20260815T120000Z-bcb100dcba34,POSTGRES_DIGITAL
8046906746253574,20250520,1288116758,359664538,246.55,9386,570,USD,2026-08-15T12:00:00+00:00,GEN-20260815T120000Z-bcb100dcba34,POSTGRES_DIGITAL
1707951714439734,20250521,973488713,854565296,474.41,8743,1864,USD,2026-08-15T12:00:00+00:00,GEN-20260815T120000Z-bcb100dcba34,POSTGRES_DIGITAL
2435482787756341,20250521,1288116758,359664538,346.12,29455,1203,USD,2026-08-15T12:00:00+00:00,GEN-20260815T120000Z-bcb100dcba34,POSTGRES_DIGITAL
3184613917397817,20250522,973488713,854565296,508.53,19119,1311,USD,2026-08-15T12:00:00+00:00,GEN-20260815T120000Z-bcb100dcba34,POSTGRES_DIGITAL
1116503939155434,20250522,1288116758,359664538,19.02,19466,207,USD,2026-08-15T12:00:00+00:00,GEN-20260815T120000Z-bcb100dcba34,POSTGRES_DIGITAL
814980034822744,20250523,973488713,854565296,169.42,28713,259,USD,2026-08-15T12:00:00+00:00,GEN-20260815T120000Z-bcb100dcba34,POSTGRES_DIGITAL
2024681426221525,20250523,1288116758,359664538,659.29,16406,498,USD,2026-08-15T12:00:00+00:00,GEN-20260815T120000Z-bcb100dcba34,POSTGRES_DIGITAL
2091588232734417,20250524,973488713,854565296,594.71,32765,1784,USD,2026-08-15T12:00:00+00:00,GEN-20260815T120000Z-bcb100dcba34,POSTGRES_DIGITAL
4491283762924251,20250524,1288116758,359664538,78.89,42502,1509,USD,2026-08-15T12:00:00+00:00,GEN-20260815T120000Z-bcb100dcba34,POSTGRES_DIGITAL
8834577994343167,20250525,1288116758,359664538,691.56,3909,1844,USD,2026-08-15T12:00:00+00:00,GEN-20260815T120000Z-bcb100dcba34,POSTGRES_DIGITAL
684305296169025,20250526,1288116758,359664538,629.78,43123,1415,USD,2026-08-15T12:00:00+00:00,GEN-20260815T120000Z-bcb100dcba34,POSTGRES_DIGITAL
7366353308614290,20250527,1288116758,359664538,390.65,9922,791,USD,2026-08-15T12:00:00+00:00,GEN-20260815T120000Z-bcb100dcba34,POSTGRES_DIGITAL
415021815859731,20250528,1288116758,359664538,403.24,27282,1408,USD,2026-08-15T12:00:00+00:00,GEN-20260815T120000Z-bcb100dcba34,POSTGRES_DIGITAL
5500217323965940,20250529,1288116758,359664538,486.93,34312,881,USD,2026-08-15T12:00:00+00:00,GEN-20260815T120000Z-bcb100dcba34,POSTGRES_DIGITAL
6984303284084548,20250530,1288116758,359664538,136.6,9854,77,USD,2026-08-15T12:00:00+00:00,GEN-20260815T120000Z-bcb100dcba34,POSTGRES_DIGITAL
4435824163476019,20250531,1288116758,359664538,229.19,45620,863,USD,2026-08-15T12:00:00+00:00,GEN-20260815T120000Z-bcb100dcba34,POSTGRES_DIGITAL
498340681410649,20250601,1288116758,359664538,316.24,1997,1975,USD,2026-08-15T12:00:00+00:00,GEN-20260815T120000Z-bcb100dcba34,POSTGRES_DIGITAL
2229203428404217,20250602,1288116758,359664538,539.59,44800,1853,USD,2026-08-15T12:00:00+00:00,GEN-20260815T120000Z-bcb100dcba34,POSTGRES_DIGITAL
3426069750729768,20250603,1288116758,359664538,157.17,42830,996,USD,2026-08-15T12:00:00+00:00,GEN-20260815T120000Z-bcb100dcba34,POSTGRES_DIGITAL
83283375053702,20250604,1288116758,359664538,640.15,8713,747,USD,2026-08-15T12:00:00+00:00,GEN-20260815T120000Z-bcb100dcba34,POSTGRES_DIGITAL
1032065026483400,20250605,1288116758,359664538,649.61,22019,124,USD,2026-08-15T12:00:00+00:00,GEN-20260815T120000Z-bcb100dcba34,POSTGRES_DIGITAL
6356345224072845,20250606,1288116758,359664538,621.52,5025,1944,USD,2026-08-15T12:00:00+00:00,GEN-20260815T120000Z-bcb100dcba34,POSTGRES_DIGITAL
6038517616041851,20250607,1288116758,359664538,150.21,3409,725,USD,2026-08-15T12:00:00+00:00,GEN-20260815T120000Z-bcb100dcba34,POSTGRES_DIGITAL
5401944938798573,20250608,1288116758,359664538,404.05,26280,1177,USD,2026-08-15T12:00:00+00:00,GEN-20260815T120000Z-bcb100dcba34,POSTGRES_DIGITAL
2644548478342720,20250609,1288116758,359664538,680.63,33510,279,USD,2026-08-15T12:00:00+00:00,GEN-20260815T120000Z-bcb100dcba34,POSTGRES_DIGITAL
8312906252086704,20250610,1288116758,359664538,49.23,15894,874,USD,2026-08-15T12:00:00+00:00,GEN-20260815T120000Z-bcb100dcba34,POSTGRES_DIGITAL
5201788830442420,20250611,1288116758,359664538,138.14,1517,203,USD,2026-08-15T12:00:00+00:00,GEN-20260815T120000Z-bcb100dcba34,POSTGRES_DIGITAL
6312324973114402,20250612,1288116758,359664538,637.65,23454,881,USD,2026-08-15T12:00:00+00:00,GEN-20260815T120000Z-bcb100dcba34,POSTGRES_DIGITAL
2875040244604982,20250613,1288116758,359664538,163.62,32230,420,USD,2026-08-15T12:00:00+00:00,GEN-20260815T120000Z-bcb100dcba34,POSTGRES_DIGITAL
897560472609955,20250614,1288116758,359664538,65.64,31261,730,USD,2026-08-15T12:00:00+00:00,GEN-20260815T120000Z-bcb100dcba34,POSTGRES_DIGITAL
7215196477102039,20250615,1288116758,359664538,463.55,37745,591,USD,2026-08-15T12:00:00+00:00,GEN-20260815T120000Z-bcb100dcba34,POSTGRES_DIGITAL
5931401959295421,20250616,1288116758,359664538,693.57,31312,109,USD,2026-08-15T12:00:00+00:00,GEN-20260815T120000Z-bcb100dcba34,POSTGRES_DIGITAL
8390493160083607,20250617,1288116758,359664538,307.97,30955,813,USD,2026-08-15T12:00:00+00:00,GEN-20260815T120000Z-bcb100dcba34,POSTGRES_DIGITAL
2961987311920647,20250618,1288116758,359664538,594.5,11030,283,USD,2026-08-15T12:00:00+00:00,GEN-20260815T120000Z-bcb100dcba34,POSTGRES_DIGITAL
6586669409581370,20250619,1288116758,359664538,303.41,6521,770,USD,2026-08-15T12:00:00+00:00,GEN-20260815T120000Z-bcb100dcba34,POSTGRES_DIGITAL
7648898163236011,20250620,1288116758,359664538,671.9,43986,102,USD,2026-08-15T12:00:00+00:00,GEN-20260815T120000Z-bcb100dcba34,POSTGRES_DIGITAL
5599269231614654,20250621,1288116758,359664538,593.23,39817,1556,USD,2026-08-15T12:00:00+00:00,GEN-20260815T120000Z-bcb100dcba34,POSTGRES_DIGITAL
6974545612022745,20251002,1032652094,1597652039,678.34,25257,1259,USD,2026-08-15T12:00:00+00:00,GEN-20260815T120000Z-bcb100dcba34,POSTGRES_DIGITAL
7097812357193962,20251003,1032652094,1597652039,380.21,23296,1944,USD,2026-08-15T12:00:00+00:00,GEN-20260815T120000Z-bcb100dcba34,POSTGRES_DIGITAL
5928854274906646,20251004,1032652094,1597652039,89.67,37515,819,USD,2026-08-15T12:00:00+00:00,GEN-20260815T120000Z-bcb100dcba34,POSTGRES_DIGITAL
7828546538723470,20251005,1032652094,1597652039,373.15,32735,781,USD,2026-08-15T12:00:00+00:00,GEN-20260815T120000Z-bcb100dcba34,POSTGRES_DIGITAL
3115663545710361,20251006,1032652094,1597652039,834.41,39611,397,USD,2026-08-15T12:00:00+00:00,GEN-20260815T120000Z-bcb100dcba34,POSTGRES_DIGITAL
7665743755740152,20251007,1032652094,1597652039,512.07,33445,446,USD,2026-08-15T12:00:00+00:00,GEN-20260815T120000Z-bcb100dcba34,POSTGRES_DIGITAL
3746693837661554,20251008,1032652094,1597652039,61.82,26056,1208,USD,2026-08-15T12:00:00+00:00,GEN-20260815T120000Z-bcb100dcba34,POSTGRES_DIGITAL
8906889109389758,20251009,1032652094,1597652039,695.14,38483,95,USD,2026-08-15T12:00:00+00:00,GEN-20260815T120000Z-bcb100dcba34,POSTGRES_DIGITAL
3566247244834042,20251010,1032652094,1597652039,154.05,795,788,USD,2026-08-15T12:00:00+00:00,GEN-20260815T120000Z-bcb100dcba34,POSTGRES_DIGITAL
8748328731934819,20251011,1032652094,1597652039,436.05,4937,1925,USD,2026-08-15T12:00:00+00:00,GEN-20260815T120000Z-bcb100dcba34,POSTGRES_DIGITAL
459735796752344,20251012,1032652094,1597652039,380.41,44541,249,USD,2026-08-15T12:00:00+00:00,GEN-20260815T120000Z-bcb100dcba34,POSTGRES_DIGITAL
6605955719686994,20251013,1032652094,1597652039,626.68,2886,1690,USD,2026-08-15T12:00:00+00:00,GEN-20260815T120000Z-bcb100dcba34,POSTGRES_DIGITAL
5682412103021467,20251014,1032652094,1597652039,582.33,20109,1976,USD,2026-08-15T12:00:00+00:00,GEN-20260815T120000Z-bcb100dcba34,POSTGRES_DIGITAL
2466652761336720,20251015,1032652094,1597652039,606.41,39373,1025,USD,2026-08-15T12:00:00+00:00,GEN-20260815T120000Z-bcb100dcba34,POSTGRES_DIGITAL
631586937742028,20251016,1032652094,1597652039,764.96,21681,634,USD,2026-08-15T12:00:00+00:00,GEN-20260815T120000Z-bcb100dcba34,POSTGRES_DIGITAL
7207039263914377,20251017,1032652094,1597652039,633.31,46800,1606,USD,2026-08-15T12:00:00+00:00,GEN-20260815T120000Z-bcb100dcba34,POSTGRES_DIGITAL
305819624684534,20251018,1032652094,1597652039,770.34,22479,512,USD,2026-08-15T12:00:00+00:00,GEN-20260815T120000Z-bcb100dcba34,POSTGRES_DIGITAL
1655778153682846,20251019,1032652094,1597652039,512.85,19241,933,USD,2026-08-15T12:00:00+00:00,GEN-20260815T120000Z-bcb100dcba34,POSTGRES_DIGITAL
4220362319976041,20251020,1032652094,1597652039,187.62,24168,1008,USD,2026-08-15T12:00:00+00:00,GEN-20260815T120000Z-bcb100dcba34,POSTGRES_DIGITAL
6427867007794178,20251021,1032652094,1597652039,514.13,5696,1985,USD,2026-08-15T12:00:00+00:00,GEN-20260815T120000Z-bcb100dcba34,POSTGRES_DIGITAL
4561930777471908,20251022,1032652094,1597652039,616.7,10093,314,USD,2026-08-15T12:00:00+00:00,GEN-20260815T120000Z-bcb100dcba34,POSTGRES_DIGITAL
5395297890663026,20251023,1032652094,1597652039,711.16,44681,1243,USD,2026-08-15T12:00:00+00:00,GEN-20260815T120000Z-bcb100dcba34,POSTGRES_DIGITAL
2827902059709476,20251024,1032652094,1597652039,669.3,8970,532,USD,2026-08-15T12:00:00+00:00,GEN-20260815T120000Z-bcb100dcba34,POSTGRES_DIGITAL
3528074431016302,20251025,1032652094,1597652039,928.8,49488,1005,USD,2026-08-15T12:00:00+00:00,GEN-20260815T120000Z-bcb100dcba34,POSTGRES_DIGITAL
1252309711845583,20251026,1032652094,1597652039,754.61,48537,295,USD,2026-08-15T12:00:00+00:00,GEN-20260815T120000Z-bcb100dcba34,POSTGRES_DIGITAL
4878051606324235,20251027,1032652094,1597652039,816.19,8535,1056,USD,2026-08-15T12:00:00+00:00,GEN-20260815T120000Z-bcb100dcba34,POSTGRES_DIGITAL
4432799444970704,20251028,1032652094,1597652039,101.62,36974,1448,USD,2026-08-15T12:00:00+00:00,GEN-20260815T120000Z-bcb100dcba34,POSTGRES_DIGITAL
4735718994557477,20251029,1032652094,1597652039,717.84,27769,1355,USD,2026-08-15T12:00:00+00:00,GEN-20260815T120000Z-bcb100dcba34,POSTGRES_DIGITAL
3327517638746469,20251030,1032652094,1597652039,48.09,18164,1396,USD,2026-08-15T12:00:00+00:00,GEN-20260815T120000Z-bcb100dcba34,POSTGRES_DIGITAL
7243887621555713,20251031,1032652094,1597652039,413.13,37525,400,USD,2026-08-15T12:00:00+00:00,GEN-20260815T120000Z-bcb100dcba34,POSTGRES_DIGITAL
5537056269596844,20251101,1032652094,1597652039,737.48,3670,224,USD,2026-08-15T12:00:00+00:00,GEN-20260815T120000Z-bcb100dcba34,POSTGRES_DIGITAL
6975474425285218,20251102,1032652094,1597652039,200.72,31543,1379,USD,2026-08-15T12:00:00+00:00,GEN-20260815T120000Z-bcb100dcba34,POSTGRES_DIGITAL
8333880238006296,20251103,1032652094,1597652039,362.71,47430,83,USD,2026-08-15T12:00:00+00:00,GEN-20260815T120000Z-bcb100dcba34,POSTGRES_DIGITAL
4963085083193805,20251104,1032652094,1597652039,795.33,48748,576,USD,2026-08-15T12:00:00+00:00,GEN-20260815T120000Z-bcb100dcba34,POSTGRES_DIGITAL
7813813761309356,20251105,1032652094,1597652039,883.35,44037,422,USD,2026-08-15T12:00:00+00:00,GEN-20260815T120000Z-bcb100dcba34,POSTGRES_DIGITAL
7105025577258171,20251106,1032652094,1597652039,107.94,36371,711,USD,2026-08-15T12:00:00+00:00,GEN-20260815T120000Z-bcb100dcba34,POSTGRES_DIGITAL
6937553609959016,20251107,1032652094,1597652039,591.72,37242,1914,USD,2026-08-15T12:00:00+00:00,GEN-20260815T120000Z-bcb100dcba34,POSTGRES_DIGITAL
4807533868452682,20251108,1032652094,1597652039,337.59,29402,124,USD,2026-08-15T12:00:00+00:00,GEN-20260815T120000Z-bcb100dcba34,POSTGRES_DIGITAL
3669218775596527,20251109,1032652094,1597652039,452.6,10370,976,USD,2026-08-15T12:00:00+00:00,GEN-20260815T120000Z-bcb100dcba34,POSTGRES_DIGITAL
8391126409691111,20251110,1032652094,1597652039,463.67,42691,1191,USD,2026-08-15T12:00:00+00:00,GEN-20260815T120000Z-bcb100dcba34,POSTGRES_DIGITAL
7920025667842399,20251111,1032652094,1597652039,249.07,20735,725,USD,2026-08-15T12:00:00+00:00,GEN-20260815T120000Z-bcb100dcba34,POSTGRES_DIGITAL
8278272041854621,20251112,1032652094,1597652039,758.87,7298,217,USD,2026-08-15T12:00:00+00:00,GEN-20260815T120000Z-bcb100dcba34,POSTGRES_DIGITAL
198040002007668,20251113,1032652094,1597652039,177.47,30151,1474,USD,2026-08-15T12:00:00+00:00,GEN-20260815T120000Z-bcb100dcba34,POSTGRES_DIGITAL
8937462047433438,20251114,1032652094,1597652039,98.42,31943,999,USD,2026-08-15T12:00:00+00:00,GEN-20260815T120000Z-bcb100dcba34,POSTGRES_DIGITAL
4921309835375380,20251115,1032652094,1597652039,395.42,29259,952,USD,2026-08-15T12:00:00+00:00,GEN-20260815T120000Z-bcb100dcba34,POSTGRES_DIGITAL
764766925655785,20251116,1032652094,1597652039,115.79,4738,219,USD,2026-08-15T12:00:00+00:00,GEN-20260815T120000Z-bcb100dcba34,POSTGRES_DIGITAL
6255204950535150,20251127,58564176,359664538,40.67,29950,376,USD,2026-08-15T12:00:00+00:00,GEN-20260815T120000Z-bcb100dcba34,POSTGRES_DIGITAL
304778460487814,20251128,58564176,359664538,37.53,32308,429,USD,2026-08-15T12:00:00+00:00,GEN-20260815T120000Z-bcb100dcba34,POSTGRES_DIGITAL
900034115693401,20251129,58564176,359664538,33.11,24697,1496,USD,2026-08-15T12:00:00+00:00,GEN-20260815T120000Z-bcb100dcba34,POSTGRES_DIGITAL
8481609330070899,20251130,58564176,359664538,28.99,38815,500,USD,2026-08-15T12:00:00+00:00,GEN-20260815T120000Z-bcb100dcba34,POSTGRES_DIGITAL
6392657373542733,20251201,58564176,359664538,33.7,19389,1667,USD,2026-08-15T12:00:00+00:00,GEN-20260815T120000Z-bcb100dcba34,POSTGRES_DIGITAL
4973579659915595,20251202,58564176,359664538,26.01,2732,1731,USD,2026-08-15T12:00:00+00:00,GEN-20260815T120000Z-bcb100dcba34,POSTGRES_DIGITAL
7551929183791279,20251203,58564176,359664538,35.37,11561,1162,USD,2026-08-15T12:00:00+00:00,GEN-20260815T120000Z-bcb100dcba34,POSTGRES_DIGITAL
2600438946172055,20251204,58564176,359664538,13.47,27859,1073,USD,2026-08-15T12:00:00+00:00,GEN-20260815T120000Z-bcb100dcba34,POSTGRES_DIGITAL
5613422894092250,20251205,58564176,359664538,26.73,14150,216,USD,2026-08-15T12:00:00+00:00,GEN-20260815T120000Z-bcb100dcba34,POSTGRES_DIGITAL
86453588018694,20251206,58564176,359664538,14.43,5749,181,USD,2026-08-15T12:00:00+00:00,GEN-20260815T120000Z-bcb100dcba34,POSTGRES_DIGITAL
6370676103323927,20251207,58564176,359664538,15.36,40247,175,USD,2026-08-15T12:00:00+00:00,GEN-20260815T120000Z-bcb100dcba34,POSTGRES_DIGITAL
6152994428325138,20251208,58564176,359664538,30.88,4225,1298,USD,2026-08-15T12:00:00+00:00,GEN-20260815T120000Z-bcb100dcba34,POSTGRES_DIGITAL
1521023104648230,20251209,58564176,359664538,41.33,17344,1240,USD,2026-08-15T12:00:00+00:00,GEN-20260815T120000Z-bcb100dcba34,POSTGRES_DIGITAL
3773074670528611,20251210,58564176,359664538,39.75,679,1446,USD,2026-08-15T12:00:00+00:00,GEN-20260815T120000Z-bcb100dcba34,POSTGRES_DIGITAL
1705699545438251,20251211,58564176,359664538,40.4,42092,443,USD,2026-08-15T12:00:00+00:00,GEN-20260815T120000Z-bcb100dcba34,POSTGRES_DIGITAL
3810876737397716,20251212,58564176,359664538,47.11,2437,1467,USD,2026-08-15T12:00:00+00:00,GEN-20260815T120000Z-bcb100dcba34,POSTGRES_DIGITAL
1092563701743562,20251213,58564176,359664538,10.62,34769,1025,USD,2026-08-15T12:00:00+00:00,GEN-20260815T120000Z-bcb100dcba34,POSTGRES_DIGITAL
6140260849823188,20251214,58564176,359664538,47.84,1719,558,USD,2026-08-15T12:00:00+00:00,GEN-20260815T120000Z-bcb100dcba34,POSTGRES_DIGITAL
932811794448108,20251215,58564176,359664538,38.33,32105,1766,USD,2026-08-15T12:00:00+00:00,GEN-20260815T120000Z-bcb100dcba34,POSTGRES_DIGITAL
1403564824453117,20251216,58564176,359664538,28.64,44311,1136,USD,2026-08-15T12:00:00+00:00,GEN-20260815T120000Z-bcb100dcba34,POSTGRES_DIGITAL
5096833375057526,20251217,58564176,359664538,33.36,2240,365,USD,2026-08-15T12:00:00+00:00,GEN-20260815T120000Z-bcb100dcba34,POSTGRES_DIGITAL
5158012917122934,20251218,58564176,359664538,24.58,35628,454,USD,2026-08-15T12:00:00+00:00,GEN-20260815T120000Z-bcb100dcba34,POSTGRES_DIGITAL
2863202400336036,20251219,58564176,359664538,36.38,5350,1749,USD,2026-08-15T12:00:00+00:00,GEN-20260815T120000Z-bcb100dcba34,POSTGRES_DIGITAL
6109570677803055,20251220,58564176,359664538,43.38,48377,1931,USD,2026-08-15T12:00:00+00:00,GEN-20260815T120000Z-bcb100dcba34,POSTGRES_DIGITAL
2473018008705062,20251221,58564176,359664538,35.49,33356,1935,USD,2026-08-15T12:00:00+00:00,GEN-20260815T120000Z-bcb100dcba34,POSTGRES_DIGITAL
6068267673651614,20251222,58564176,359664538,31.67,6896,1039,USD,2026-08-15T12:00:00+00:00,GEN-20260815T120000Z-bcb100dcba34,POSTGRES_DIGITAL
2664525473507151,20251223,58564176,359664538,47.9,10629,200,USD,2026-08-15T12:00:00+00:00,GEN-20260815T120000Z-bcb100dcba34,POSTGRES_DIGITAL
345012239454164,20251224,58564176,359664538,16.26,15643,1803,USD,2026-08-15T12:00:00+00:00,GEN-20260815T120000Z-bcb100dcba34,POSTGRES_DIGITAL
6117819360089222,20251225,58564176,359664538,19.51,26523,1230,USD,2026-08-15T12:00:00+00:00,GEN-20260815T120000Z-bcb100dcba34,POSTGRES_DIGITAL
7892885516467413,20251226,58564176,359664538,16.09,9007,1797,USD,2026-08-15T12:00:00+00:00,GEN-20260815T120000Z-bcb100dcba34,POSTGRES_DIGITAL
7457943003459866,20251227,58564176,359664538,43.99,9653,1935,USD,2026-08-15T12:00:00+00:00,GEN-20260815T120000Z-bcb100dcba34,POSTGRES_DIGITAL
5432407753528130,20251228,58564176,359664538,34.5,19626,1814,USD,2026-08-15T12:00:00+00:00,GEN-20260815T120000Z-bcb100dcba34,POSTGRES_DIGITAL
8742890567197874,20251229,58564176,359664538,35.68,48641,1523,USD,2026-08-15T12:00:00+00:00,GEN-20260815T120000Z-bcb100dcba34,POSTGRES_DIGITAL
4857204955482860,20251230,58564176,359664538,39.76,21846,1220,USD,2026-08-15T12:00:00+00:00,GEN-20260815T120000Z-bcb100dcba34,POSTGRES_DIGITAL
5221483864718398,20251231,58564176,359664538,17.52,23328,492,USD,2026-08-15T12:00:00+00:00,GEN-20260815T120000Z-bcb100dcba34,POSTGRES_DIGITAL
7764096832851774,20260101,58564176,359664538,33.12,4368,1455,USD,2026-08-15T12:00:00+00:00,GEN-20260815T120000Z-bcb100dcba34,POSTGRES_DIGITAL
8024078119783341,20260102,58564176,359664538,39.95,46390,340,USD,2026-08-15T12:00:00+00:00,GEN-20260815T120000Z-bcb100dcba34,POSTGRES_DIGITAL
4147593729583252,20260103,58564176,359664538,17.47,17818,35,USD,2026-08-15T12:00:00+00:00,GEN-20260815T120000Z-bcb100dcba34,POSTGRES_DIGITAL
7308440090575534,20260104,58564176,359664538,10.57,16375,1157,USD,2026-08-15T12:00:00+00:00,GEN-20260815T120000Z-bcb100dcba34,POSTGRES_DIGITAL
6950773815559747,20260105,58564176,359664538,31.17,29399,1074,USD,2026-08-15T12:00:00+00:00,GEN-20260815T120000Z-bcb100dcba34,POSTGRES_DIGITAL
7864234075029860,20260106,58564176,359664538,45.61,28419,618,USD,2026-08-15T12:00:00+00:00,GEN-20260815T120000Z-bcb100dcba34,POSTGRES_DIGITAL
6949005656172734,20260107,58564176,359664538,32.75,14308,222,USD,2026-08-15T12:00:00+00:00,GEN-20260815T120000Z-bcb100dcba34,POSTGRES_DIGITAL
6351315950736117,20260108,58564176,359664538,44.28,36247,705,USD,2026-08-15T12:00:00+00:00,GEN-20260815T120000Z-bcb100dcba34,POSTGRES_DIGITAL
779441124269609,20260109,58564176,359664538,27.58,24440,139,USD,2026-08-15T12:00:00+00:00,GEN-20260815T120000Z-bcb100dcba34,POSTGRES_DIGITAL
4773685836601647,20260110,58564176,359664538,41.96,18143,732,USD,2026-08-15T12:00:00+00:00,GEN-20260815T120000Z-bcb100dcba34,POSTGRES_DIGITAL
5690466976321870,20260111,58564176,359664538,26.17,33352,1677,USD,2026-08-15T12:00:00+00:00,GEN-20260815T120000Z-bcb100dcba34,POSTGRES_DIGITAL
2581378239716179,20260112,58564176,359664538,10.11,20960,952,USD,2026-08-15T12:00:00+00:00,GEN-20260815T120000Z-bcb100dcba34,POSTGRES_DIGITAL
8610636580917078,20260113,58564176,359664538,43.08,49622,656,USD,2026-08-15T12:00:00+00:00,GEN-20260815T120000Z-bcb100dcba34,POSTGRES_DIGITAL
6587815122289267,20260114,58564176,359664538,38.08,34004,1809,USD,2026-08-15T12:00:00+00:00,GEN-20260815T120000Z-bcb100dcba34,POSTGRES_DIGITAL
4885768195616220,20260115,58564176,359664538,41.2,18293,119,USD,2026-08-15T12:00:00+00:00,GEN-20260815T120000Z-bcb100dcba34,POSTGRES_DIGITAL
7197014579854595,20260116,58564176,359664538,44.18,47738,281,USD,2026-08-15T12:00:00+00:00,GEN-20260815T120000Z-bcb100dcba34,POSTGRES_DIGITAL
1434072606511640,20260117,58564176,359664538,23.28,25408,218,USD,2026-08-15T12:00:00+00:00,GEN-20260815T120000Z-bcb100dcba34,POSTGRES_DIGITAL
4270488496411526,20260118,58564176,359664538,30.71,3185,482,USD,2026-08-15T12:00:00+00:00,GEN-20260815T120000Z-bcb100dcba34,POSTGRES_DIGITAL
6121276326124556,20260119,58564176,359664538,18.55,13309,886,USD,2026-08-15T12:00:00+00:00,GEN-20260815T120000Z-bcb100dcba34,POSTGRES_DIGITAL
2212798332288091,20260120,58564176,359664538,36.2,7858,1838,USD,2026-08-15T12:00:00+00:00,GEN-20260815T120000Z-bcb100dcba34,POSTGRES_DIGITAL
2633953599668112,20260121,58564176,359664538,37.09,7504,663,USD,2026-08-15T12:00:00+00:00,GEN-20260815T120000Z-bcb100dcba34,POSTGRES_DIGITAL
881062926082068,20260122,58564176,359664538,19.17,35407,866,USD,2026-08-15T12:00:00+00:00,GEN-20260815T120000Z-bcb100dcba34,POSTGRES_DIGITAL
791401716496458,20260123,58564176,359664538,39.42,1017,290,USD,2026-08-15T12:00:00+00:00,GEN-20260815T120000Z-bcb100dcba34,POSTGRES_DIGITAL
7559726311007190,20260124,58564176,359664538,40.12,46959,831,USD,2026-08-15T12:00:00+00:00,GEN-20260815T120000Z-bcb100dcba34,POSTGRES_DIGITAL
1247700111864581,20260125,58564176,359664538,33.09,19560,828,USD,2026-08-15T12:00:00+00:00,GEN-20260815T120000Z-bcb100dcba34,POSTGRES_DIGITAL
5498031467404675,20260126,58564176,359664538,46.73,40114,815,USD,2026-08-15T12:00:00+00:00,GEN-20260815T120000Z-bcb100dcba34,POSTGRES_DIGITAL
1480494586496086,20260203,260443056,202702072,67.12,26563,465,USD,2026-08-15T12:00:00+00:00,GEN-20260815T120000Z-bcb100dcba34,POSTGRES_DIGITAL
2668585537533405,20260204,260443056,202702072,47.01,14357,1633,USD,2026-08-15T12:00:00+00:00,GEN-20260815T120000Z-bcb100dcba34,POSTGRES_DIGITAL
3515056104084752,20260205,260443056,202702072,78.38,29382,527,USD,2026-08-15T12:00:00+00:00,GEN-20260815T120000Z-bcb100dcba34,POSTGRES_DIGITAL
7201569719478770,20260206,260443056,202702072,35.75,11559,1742,USD,2026-08-15T12:00:00+00:00,GEN-20260815T120000Z-bcb100dcba34,POSTGRES_DIGITAL
2984458401998869,20260207,260443056,202702072,11.29,39986,23,USD,2026-08-15T12:00:00+00:00,GEN-20260815T120000Z-bcb100dcba34,POSTGRES_DIGITAL
2767366315851438,20260208,260443056,202702072,29.7,18419,1332,USD,2026-08-15T12:00:00+00:00,GEN-20260815T120000Z-bcb100dcba34,POSTGRES_DIGITAL
5315169188373002,20260209,260443056,202702072,76.94,44269,1698,USD,2026-08-15T12:00:00+00:00,GEN-20260815T120000Z-bcb100dcba34,POSTGRES_DIGITAL
5458293813505212,20260210,260443056,202702072,20.02,21462,1264,USD,2026-08-15T12:00:00+00:00,GEN-20260815T120000Z-bcb100dcba34,POSTGRES_DIGITAL
4543302308118706,20260211,260443056,202702072,83.08,16294,840,USD,2026-08-15T12:00:00+00:00,GEN-20260815T120000Z-bcb100dcba34,POSTGRES_DIGITAL
7523092597415332,20260212,260443056,202702072,54.15,39363,1917,USD,2026-08-15T12:00:00+00:00,GEN-20260815T120000Z-bcb100dcba34,POSTGRES_DIGITAL
7837947635525206,20260213,260443056,202702072,28.43,45647,1093,USD,2026-08-15T12:00:00+00:00,GEN-20260815T120000Z-bcb100dcba34,POSTGRES_DIGITAL
8687403247644856,20260214,260443056,202702072,39.05,13856,157,USD,2026-08-15T12:00:00+00:00,GEN-20260815T120000Z-bcb100dcba34,POSTGRES_DIGITAL
8430085459760659,20260215,260443056,202702072,76.88,18159,123,USD,2026-08-15T12:00:00+00:00,GEN-20260815T120000Z-bcb100dcba34,POSTGRES_DIGITAL
5633371280712003,20260216,260443056,202702072,25.32,35326,752,USD,2026-08-15T12:00:00+00:00,GEN-20260815T120000Z-bcb100dcba34,POSTGRES_DIGITAL
1755550128352478,20260217,260443056,202702072,40.99,13424,1398,USD,2026-08-15T12:00:00+00:00,GEN-20260815T120000Z-bcb100dcba34,POSTGRES_DIGITAL
5620048236865441,20260218,260443056,202702072,54.67,32506,1401,USD,2026-08-15T12:00:00+00:00,GEN-20260815T120000Z-bcb100dcba34,POSTGRES_DIGITAL
3692935087565022,20260219,260443056,202702072,54.03,35980,259,USD,2026-08-15T12:00:00+00:00,GEN-20260815T120000Z-bcb100dcba34,POSTGRES_DIGITAL
3593583740318380,20260220,260443056,202702072,40.42,3592,779,USD,2026-08-15T12:00:00+00:00,GEN-20260815T120000Z-bcb100dcba34,POSTGRES_DIGITAL
3910923889120275,20260221,260443056,202702072,50.8,11383,122,USD,2026-08-15T12:00:00+00:00,GEN-20260815T120000Z-bcb100dcba34,POSTGRES_DIGITAL
5581031052468058,20260222,260443056,202702072,80.48,31390,922,USD,2026-08-15T12:00:00+00:00,GEN-20260815T120000Z-bcb100dcba34,POSTGRES_DIGITAL
7691630606047744,20260223,260443056,202702072,66.69,47571,1747,USD,2026-08-15T12:00:00+00:00,GEN-20260815T120000Z-bcb100dcba34,POSTGRES_DIGITAL
6982403522100223,20260224,260443056,202702072,14.24,17171,388,USD,2026-08-15T12:00:00+00:00,GEN-20260815T120000Z-bcb100dcba34,POSTGRES_DIGITAL
630617907531940,20260225,260443056,202702072,22.5,44958,143,USD,2026-08-15T12:00:00+00:00,GEN-20260815T120000Z-bcb100dcba34,POSTGRES_DIGITAL
1336851596904647,20260226,260443056,202702072,35.33,15484,1100,USD,2026-08-15T12:00:00+00:00,GEN-20260815T120000Z-bcb100dcba34,POSTGRES_DIGITAL
538263504895532,20260227,260443056,202702072,60.08,35222,530,USD,2026-08-15T12:00:00+00:00,GEN-20260815T120000Z-bcb100dcba34,POSTGRES_DIGITAL
1431031407176706,20260228,260443056,202702072,72.85,12870,1246,USD,2026-08-15T12:00:00+00:00,GEN-20260815T120000Z-bcb100dcba34,POSTGRES_DIGITAL
4352272319617442,20260301,260443056,202702072,76.47,19554,1828,USD,2026-08-15T12:00:00+00:00,GEN-20260815T120000Z-bcb100dcba34,POSTGRES_DIGITAL
6078648106290434,20260302,260443056,202702072,48.19,48114,1092,USD,2026-08-15T12:00:00+00:00,GEN-20260815T120000Z-bcb100dcba34,POSTGRES_DIGITAL
6186230569268109,20260303,260443056,202702072,68.42,43004,105,USD,2026-08-15T12:00:00+00:00,GEN-20260815T120000Z-bcb100dcba34,POSTGRES_DIGITAL
2578029184572486,20260304,260443056,202702072,64.93,37659,690,USD,2026-08-15T12:00:00+00:00,GEN-20260815T120000Z-bcb100dcba34,POSTGRES_DIGITAL
1022556205690933,20260305,260443056,202702072,55.11,35551,167,USD,2026-08-15T12:00:00+00:00,GEN-20260815T120000Z-bcb100dcba34,POSTGRES_DIGITAL
8837231358234500,20260306,260443056,202702072,70.58,32368,385,USD,2026-08-15T12:00:00+00:00,GEN-20260815T120000Z-bcb100dcba34,POSTGRES_DIGITAL
5538367653567076,20260307,260443056,202702072,54.75,13762,1069,USD,2026-08-15T12:00:00+00:00,GEN-20260815T120000Z-bcb100dcba34,POSTGRES_DIGITAL
6944450489133127,20260308,260443056,202702072,10.02,26774,85,USD,2026-08-15T12:00:00+00:00,GEN-20260815T120000Z-bcb100dcba34,POSTGRES_DIGITAL
7542072435130365,20260309,260443056,202702072,16.61,22111,542,USD,2026-08-15T12:00:00+00:00,GEN-20260815T120000Z-bcb100dcba34,POSTGRES_DIGITAL
8828495727782624,20260310,260443056,202702072,47.99,42358,639,USD,2026-08-15T12:00:00+00:00,GEN-20260815T120000Z-bcb100dcba34,POSTGRES_DIGITAL
7179808957694657,20260311,260443056,202702072,52.41,10639,620,USD,2026-08-15T12:00:00+00:00,GEN-20260815T120000Z-bcb100dcba34,POSTGRES_DIGITAL
4418330545268855,20260312,260443056,202702072,44.28,49694,126,USD,2026-08-15T12:00:00+00:00,GEN-20260815T120000Z-bcb100dcba34,POSTGRES_DIGITAL
6343583557198617,20260313,260443056,202702072,18.85,22264,1499,USD,2026-08-15T12:00:00+00:00,GEN-20260815T120000Z-bcb100dcba34,POSTGRES_DIGITAL
4573199701893292,20260314,260443056,202702072,28.27,3838,1445,USD,2026-08-15T12:00:00+00:00,GEN-20260815T120000Z-bcb100dcba34,POSTGRES_DIGITAL
3306335398383541,20260315,260443056,202702072,74.18,36696,619,USD,2026-08-15T12:00:00+00:00,GEN-20260815T120000Z-bcb100dcba34,POSTGRES_DIGITAL
8702352193572439,20260316,260443056,202702072,66.21,33541,347,USD,2026-08-15T12:00:00+00:00,GEN-20260815T120000Z-bcb100dcba34,POSTGRES_DIGITAL
1310158341407506,20260317,260443056,202702072,17.59,42985,259,USD,2026-08-15T12:00:00+00:00,GEN-20260815T120000Z-bcb100dcba34,POSTGRES_DIGITAL
7469127622370200,20260318,260443056,202702072,26.19,31596,26,USD,2026-08-15T12:00:00+00:00,GEN-20260815T120000Z-bcb100dcba34,POSTGRES_DIGITAL
4204459096687274,20260319,260443056,202702072,16.8,18435,1368,USD,2026-08-15T12:00:00+00:00,GEN-20260815T120000Z-bcb100dcba34,POSTGRES_DIGITAL
8821267815073343,20260320,260443056,202702072,55.42,33278,1668,USD,2026-08-15T12:00:00+00:00,GEN-20260815T120000Z-bcb100dcba34,POSTGRES_DIGITAL
7482658845581078,20260522,942632375,202702072,468.52,42200,1322,USD,2026-08-15T12:00:00+00:00,GEN-20260815T120000Z-bcb100dcba34,POSTGRES_DIGITAL
2519113631616419,20260523,942632375,202702072,826.19,48044,1253,USD,2026-08-15T12:00:00+00:00,GEN-20260815T120000Z-bcb100dcba34,POSTGRES_DIGITAL
1515833822646334,20260524,942632375,202702072,887.65,16722,455,USD,2026-08-15T12:00:00+00:00,GEN-20260815T120000Z-bcb100dcba34,POSTGRES_DIGITAL
2722766218722562,20260525,942632375,202702072,789.53,30221,244,USD,2026-08-15T12:00:00+00:00,GEN-20260815T120000Z-bcb100dcba34,POSTGRES_DIGITAL
8108770188753021,20260526,942632375,202702072,359.95,16711,807,USD,2026-08-15T12:00:00+00:00,GEN-20260815T120000Z-bcb100dcba34,POSTGRES_DIGITAL
8259859574439470,20260527,942632375,202702072,596.9,31162,1323,USD,2026-08-15T12:00:00+00:00,GEN-20260815T120000Z-bcb100dcba34,POSTGRES_DIGITAL
7733080966188774,20260528,942632375,202702072,466.42,29298,120,USD,2026-08-15T12:00:00+00:00,GEN-20260815T120000Z-bcb100dcba34,POSTGRES_DIGITAL
4377106178152432,20260529,942632375,202702072,599.47,25858,1106,USD,2026-08-15T12:00:00+00:00,GEN-20260815T120000Z-bcb100dcba34,POSTGRES_DIGITAL
4847817649127454,20260530,942632375,202702072,837.94,13813,1212,USD,2026-08-15T12:00:00+00:00,GEN-20260815T120000Z-bcb100dcba34,POSTGRES_DIGITAL
1964269726569800,20260531,942632375,202702072,741.64,32276,336,USD,2026-08-15T12:00:00+00:00,GEN-20260815T120000Z-bcb100dcba34,POSTGRES_DIGITAL
4946888609609030,20260601,942632375,202702072,689.51,294,777,USD,2026-08-15T12:00:00+00:00,GEN-20260815T120000Z-bcb100dcba34,POSTGRES_DIGITAL
3808925654062919,20260602,942632375,202702072,659.02,32770,1239,USD,2026-08-15T12:00:00+00:00,GEN-20260815T120000Z-bcb100dcba34,POSTGRES_DIGITAL
5432386428652319,20260603,942632375,202702072,306.18,6240,1408,USD,2026-08-15T12:00:00+00:00,GEN-20260815T120000Z-bcb100dcba34,POSTGRES_DIGITAL
1253930891387362,20260604,942632375,202702072,496.63,14610,672,USD,2026-08-15T12:00:00+00:00,GEN-20260815T120000Z-bcb100dcba34,POSTGRES_DIGITAL
3227245862960815,20260605,942632375,202702072,241.81,14831,1540,USD,2026-08-15T12:00:00+00:00,GEN-20260815T120000Z-bcb100dcba34,POSTGRES_DIGITAL
5346541426779647,20260606,942632375,202702072,933.42,20628,1047,USD,2026-08-15T12:00:00+00:00,GEN-20260815T120000Z-bcb100dcba34,POSTGRES_DIGITAL
623642110098113,20260607,942632375,202702072,608.75,28705,1723,USD,2026-08-15T12:00:00+00:00,GEN-20260815T120000Z-bcb100dcba34,POSTGRES_DIGITAL
5202193333714383,20260608,942632375,202702072,629.05,40919,1570,USD,2026-08-15T12:00:00+00:00,GEN-20260815T120000Z-bcb100dcba34,POSTGRES_DIGITAL
3146518864408998,20260609,942632375,202702072,843.38,34028,108,USD,2026-08-15T12:00:00+00:00,GEN-20260815T120000Z-bcb100dcba34,POSTGRES_DIGITAL
3029661947328532,20260610,942632375,202702072,576.59,29570,1842,USD,2026-08-15T12:00:00+00:00,GEN-20260815T120000Z-bcb100dcba34,POSTGRES_DIGITAL
6822985036881451,20260611,942632375,202702072,156.86,41729,755,USD,2026-08-15T12:00:00+00:00,GEN-20260815T120000Z-bcb100dcba34,POSTGRES_DIGITAL
2032474014324785,20260612,942632375,202702072,104.12,16596,722,USD,2026-08-15T12:00:00+00:00,GEN-20260815T120000Z-bcb100dcba34,POSTGRES_DIGITAL
8768864199957032,20260613,942632375,202702072,737.41,39368,1250,USD,2026-08-15T12:00:00+00:00,GEN-20260815T120000Z-bcb100dcba34,POSTGRES_DIGITAL
8466760833882240,20260614,942632375,202702072,128.13,12714,1575,USD,2026-08-15T12:00:00+00:00,GEN-20260815T120000Z-bcb100dcba34,POSTGRES_DIGITAL
8996498419939618,20260615,942632375,202702072,690.1,30158,1053,USD,2026-08-15T12:00:00+00:00,GEN-20260815T120000Z-bcb100dcba34,POSTGRES_DIGITAL
3460737490560561,20260616,942632375,202702072,370.25,36612,1725,USD,2026-08-15T12:00:00+00:00,GEN-20260815T120000Z-bcb100dcba34,POSTGRES_DIGITAL
3011446888162632,20260617,942632375,202702072,518.2,4588,1081,USD,2026-08-15T12:00:00+00:00,GEN-20260815T120000Z-bcb100dcba34,POSTGRES_DIGITAL
2355942185362532,20260618,942632375,202702072,277.62,38698,1228,USD,2026-08-15T12:00:00+00:00,GEN-20260815T120000Z-bcb100dcba34,POSTGRES_DIGITAL
8872289236306645,20260619,942632375,202702072,456.98,6087,617,USD,2026-08-15T12:00:00+00:00,GEN-20260815T120000Z-bcb100dcba34,POSTGRES_DIGITAL
5521640460004067,20260620,942632375,202702072,484.88,32216,1022,USD,2026-08-15T12:00:00+00:00,GEN-20260815T120000Z-bcb100dcba34,POSTGRES_DIGITAL
5447466065664325,20260621,942632375,202702072,418.44,29714,505,USD,2026-08-15T12:00:00+00:00,GEN-20260815T120000Z-bcb100dcba34,POSTGRES_DIGITAL
174983200158039,20260622,942632375,202702072,968.85,39642,55,USD,2026-08-15T12:00:00+00:00,GEN-20260815T120000Z-bcb100dcba34,POSTGRES_DIGITAL
5087994604136714,20260623,942632375,202702072,856.41,32835,1193,USD,2026-08-15T12:00:00+00:00,GEN-20260815T120000Z-bcb100dcba34,POSTGRES_DIGITAL
6756624706469655,20260624,942632375,202702072,666.65,20636,1653,USD,2026-08-15T12:00:00+00:00,GEN-20260815T120000Z-bcb100dcba34,POSTGRES_DIGITAL
985849550280816,20260624,1657128491,854565296,261.75,34715,644,USD,2026-08-15T12:00:00+00:00,GEN-20260815T120000Z-bcb100dcba34,POSTGRES_DIGITAL
2050505159180604,20260625,942632375,202702072,55.88,46813,467,USD,2026-08-15T12:00:00+00:00,GEN-20260815T120000Z-bcb100dcba34,POSTGRES_DIGITAL
6916909662177819,20260625,1657128491,854565296,187.4,42819,1664,USD,2026-08-15T12:00:00+00:00,GEN-20260815T120000Z-bcb100dcba34,POSTGRES_DIGITAL
4607059745454325,20260626,942632375,202702072,196.84,39629,583,USD,2026-08-15T12:00:00+00:00,GEN-20260815T120000Z-bcb100dcba34,POSTGRES_DIGITAL
3688243232114307,20260626,1657128491,854565296,718.98,32324,39,USD,2026-08-15T12:00:00+00:00,GEN-20260815T120000Z-bcb100dcba34,POSTGRES_DIGITAL
4332957124173983,20260627,942632375,202702072,142.97,1313,239,USD,2026-08-15T12:00:00+00:00,GEN-20260815T120000Z-bcb100dcba34,POSTGRES_DIGITAL
673145844866406,20260627,1657128491,854565296,447.46,22362,1601,USD,2026-08-15T12:00:00+00:00,GEN-20260815T120000Z-bcb100dcba34,POSTGRES_DIGITAL
820174055181871,20260628,942632375,202702072,785.68,39857,26,USD,2026-08-15T12:00:00+00:00,GEN-20260815T120000Z-bcb100dcba34,POSTGRES_DIGITAL
1631234799566178,20260628,1657128491,854565296,892.31,35537,1168,USD,2026-08-15T12:00:00+00:00,GEN-20260815T120000Z-bcb100dcba34,POSTGRES_DIGITAL
6902952042195244,20260629,942632375,202702072,447.95,25193,516,USD,2026-08-15T12:00:00+00:00,GEN-20260815T120000Z-bcb100dcba34,POSTGRES_DIGITAL
99789845413275,20260629,1657128491,854565296,90.05,42157,1888,USD,2026-08-15T12:00:00+00:00,GEN-20260815T120000Z-bcb100dcba34,POSTGRES_DIGITAL
2794784642514527,20260630,942632375,202702072,202.44,25561,806,USD,2026-08-15T12:00:00+00:00,GEN-20260815T120000Z-bcb100dcba34,POSTGRES_DIGITAL
4891333855597053,20260630,1657128491,854565296,447.03,12748,1436,USD,2026-08-15T12:00:00+00:00,GEN-20260815T120000Z-bcb100dcba34,POSTGRES_DIGITAL
662649108639925,20260701,942632375,202702072,567.81,32727,815,USD,2026-08-15T12:00:00+00:00,GEN-20260815T120000Z-bcb100dcba34,POSTGRES_DIGITAL
613645253925399,20260701,1657128491,854565296,869.49,49473,1728,USD,2026-08-15T12:00:00+00:00,GEN-20260815T120000Z-bcb100dcba34,POSTGRES_DIGITAL
6201469638411917,20260702,942632375,202702072,1018.05,186,1593,USD,2026-08-15T12:00:00+00:00,GEN-20260815T120000Z-bcb100dcba34,POSTGRES_DIGITAL
5361377452859337,20260702,1657128491,854565296,907.9,45894,1284,USD,2026-08-15T12:00:00+00:00,GEN-20260815T120000Z-bcb100dcba34,POSTGRES_DIGITAL
1072355534333090,20260703,942632375,202702072,632.0,40975,667,USD,2026-08-15T12:00:00+00:00,GEN-20260815T120000Z-bcb100dcba34,POSTGRES_DIGITAL
8195152951912057,20260703,1657128491,854565296,923.63,46466,1916,USD,2026-08-15T12:00:00+00:00,GEN-20260815T120000Z-bcb100dcba34,POSTGRES_DIGITAL
4772927644300654,20260704,942632375,202702072,339.96,33980,397,USD,2026-08-15T12:00:00+00:00,GEN-20260815T120000Z-bcb100dcba34,POSTGRES_DIGITAL
508257379371998,20260704,1657128491,854565296,107.3,41916,878,USD,2026-08-15T12:00:00+00:00,GEN-20260815T120000Z-bcb100dcba34,POSTGRES_DIGITAL
896373997315217,20260705,942632375,202702072,675.41,6289,1267,USD,2026-08-15T12:00:00+00:00,GEN-20260815T120000Z-bcb100dcba34,POSTGRES_DIGITAL
6906521230486156,20260705,1657128491,854565296,541.67,23812,1377,USD,2026-08-15T12:00:00+00:00,GEN-20260815T120000Z-bcb100dcba34,POSTGRES_DIGITAL
6505866710963238,20260706,942632375,202702072,534.15,34641,178,USD,2026-08-15T12:00:00+00:00,GEN-20260815T120000Z-bcb100dcba34,POSTGRES_DIGITAL
1126618196484400,20260706,1657128491,854565296,622.84,31834,1597,USD,2026-08-15T12:00:00+00:00,GEN-20260815T120000Z-bcb100dcba34,POSTGRES_DIGITAL
605993932283748,20260707,942632375,202702072,267.76,21295,1772,USD,2026-08-15T12:00:00+00:00,GEN-20260815T120000Z-bcb100dcba34,POSTGRES_DIGITAL
8460894777962349,20260707,1657128491,854565296,935.16,395,723,USD,2026-08-15T12:00:00+00:00,GEN-20260815T120000Z-bcb100dcba34,POSTGRES_DIGITAL
5465381601881980,20260708,942632375,202702072,526.89,2850,650,USD,2026-08-15T12:00:00+00:00,GEN-20260815T120000Z-bcb100dcba34,POSTGRES_DIGITAL
7810794247073941,20260708,1657128491,854565296,371.69,15461,229,USD,2026-08-15T12:00:00+00:00,GEN-20260815T120000Z-bcb100dcba34,POSTGRES_DIGITAL
6490639913277435,20260709,942632375,202702072,627.88,13723,725,USD,2026-08-15T12:00:00+00:00,GEN-20260815T120000Z-bcb100dcba34,POSTGRES_DIGITAL
7263393360438495,20260709,1657128491,854565296,834.45,10853,549,USD,2026-08-15T12:00:00+00:00,GEN-20260815T120000Z-bcb100dcba34,POSTGRES_DIGITAL
8077439395069785,20260710,942632375,202702072,111.56,41381,184,USD,2026-08-15T12:00:00+00:00,GEN-20260815T120000Z-bcb100dcba34,POSTGRES_DIGITAL
5781887571099653,20260710,1657128491,854565296,153.54,28892,1188,USD,2026-08-15T12:00:00+00:00,GEN-20260815T120000Z-bcb100dcba34,POSTGRES_DIGITAL
2444588306997756,20260711,942632375,202702072,864.86,47843,769,USD,2026-08-15T12:00:00+00:00,GEN-20260815T120000Z-bcb100dcba34,POSTGRES_DIGITAL
2500319423853845,20260711,1657128491,854565296,259.82,8679,104,USD,2026-08-15T12:00:00+00:00,GEN-20260815T120000Z-bcb100dcba34,POSTGRES_DIGITAL
5605749882291339,20260712,942632375,202702072,727.28,8958,1809,USD,2026-08-15T12:00:00+00:00,GEN-20260815T120000Z-bcb100dcba34,POSTGRES_DIGITAL
7679521459706335,20260712,1657128491,854565296,60.89,4574,1984,USD,2026-08-15T12:00:00+00:00,GEN-20260815T120000Z-bcb100dcba34,POSTGRES_DIGITAL
6082623502922546,20260713,942632375,202702072,801.73,2461,538,USD,2026-08-15T12:00:00+00:00,GEN-20260815T120000Z-bcb100dcba34,POSTGRES_DIGITAL
8919677838936387,20260713,1657128491,854565296,334.53,6695,1276,USD,2026-08-15T12:00:00+00:00,GEN-20260815T120000Z-bcb100dcba34,POSTGRES_DIGITAL
936645217146716,20260714,942632375,202702072,254.42,43146,946,USD,2026-08-15T12:00:00+00:00,GEN-20260815T120000Z-bcb100dcba34,POSTGRES_DIGITAL
5711595217988652,20260714,1657128491,854565296,185.02,11687,1032,USD,2026-08-15T12:00:00+00:00,GEN-20260815T120000Z-bcb100dcba34,POSTGRES_DIGITAL
1259403944878016,20260715,942632375,202702072,691.76,36703,1631,USD,2026-08-15T12:00:00+00:00,GEN-20260815T120000Z-bcb100dcba34,POSTGRES_DIGITAL
8439775037350770,20260715,1657128491,854565296,542.38,30777,255,USD,2026-08-15T12:00:00+00:00,GEN-20260815T120000Z-bcb100dcba34,POSTGRES_DIGITAL
4707051100523283,20260716,942632375,202702072,788.09,37328,1822,USD,2026-08-15T12:00:00+00:00,GEN-20260815T120000Z-bcb100dcba34,POSTGRES_DIGITAL
8627207781996591,20260716,1657128491,854565296,35.31,7819,1029,USD,2026-08-15T12:00:00+00:00,GEN-20260815T120000Z-bcb100dcba34,POSTGRES_DIGITAL
653375143968955,20260717,942632375,202702072,321.98,41381,1417,USD,2026-08-15T12:00:00+00:00,GEN-20260815T120000Z-bcb100dcba34,POSTGRES_DIGITAL
4000598828628337,20260717,1657128491,854565296,350.3,41207,885,USD,2026-08-15T12:00:00+00:00,GEN-20260815T120000Z-bcb100dcba34,POSTGRES_DIGITAL
1123730648305644,20260718,942632375,202702072,144.99,11357,1478,USD,2026-08-15T12:00:00+00:00,GEN-20260815T120000Z-bcb100dcba34,POSTGRES_DIGITAL
7638926925853367,20260718,1657128491,854565296,131.82,25590,522,USD,2026-08-15T12:00:00+00:00,GEN-20260815T120000Z-bcb100dcba34,POSTGRES_DIGITAL
2396201016561681,20260719,942632375,202702072,254.86,6796,629,USD,2026-08-15T12:00:00+00:00,GEN-20260815T120000Z-bcb100dcba34,POSTGRES_DIGITAL
4199735332814940,20260719,1657128491,854565296,607.34,19758,1928,USD,2026-08-15T12:00:00+00:00,GEN-20260815T120000Z-bcb100dcba34,POSTGRES_DIGITAL
7559901341720955,20260720,942632375,202702072,685.28,39285,1786,USD,2026-08-15T12:00:00+00:00,GEN-20260815T120000Z-bcb100dcba34,POSTGRES_DIGITAL
2624161039003867,20260720,1657128491,854565296,786.01,42944,250,USD,2026-08-15T12:00:00+00:00,GEN-20260815T120000Z-bcb100dcba34,POSTGRES_DIGITAL
4466694977087526,20260721,942632375,202702072,420.04,9356,1343,USD,2026-08-15T12:00:00+00:00,GEN-20260815T120000Z-bcb100dcba34,POSTGRES_DIGITAL
5662075731766175,20260721,1657128491,854565296,158.76,34030,1993,USD,2026-08-15T12:00:00+00:00,GEN-20260815T120000Z-bcb100dcba34,POSTGRES_DIGITAL
7326962316058435,20260722,1657128491,854565296,136.01,37236,176,USD,2026-08-15T12:00:00+00:00,GEN-20260815T120000Z-bcb100dcba34,POSTGRES_DIGITAL
984902345175795,20260723,1657128491,854565296,205.48,21347,1815,USD,2026-08-15T12:00:00+00:00,GEN-20260815T120000Z-bcb100dcba34,POSTGRES_DIGITAL
2158481068109426,20260724,1657128491,854565296,119.96,35637,776,USD,2026-08-15T12:00:00+00:00,GEN-20260815T120000Z-bcb100dcba34,POSTGRES_DIGITAL
4061341869051899,20260725,1657128491,854565296,116.14,5562,1159,USD,2026-08-15T12:00:00+00:00,GEN-20260815T120000Z-bcb100dcba34,POSTGRES_DIGITAL
6223089032055250,20260726,1657128491,854565296,25.7,30091,424,USD,2026-08-15T12:00:00+00:00,GEN-20260815T120000Z-bcb100dcba34,POSTGRES_DIGITAL
975863917446755,20260727,1657128491,854565296,418.59,36207,228,USD,2026-08-15T12:00:00+00:00,GEN-20260815T120000Z-bcb100dcba34,POSTGRES_DIGITAL
2735897193847927,20260728,1657128491,854565296,721.26,39060,243,USD,2026-08-15T12:00:00+00:00,GEN-20260815T120000Z-bcb100dcba34,POSTGRES_DIGITAL
24364669230282,20260729,1657128491,854565296,184.24,8953,620,USD,2026-08-15T12:00:00+00:00,GEN-20260815T120000Z-bcb100dcba34,POSTGRES_DIGITAL
1379079157965092,20260730,1657128491,854565296,286.19,7098,549,USD,2026-08-15T12:00:00+00:00,GEN-20260815T120000Z-bcb100dcba34,POSTGRES_DIGITAL
1189643232113168,20260731,1657128491,854565296,364.83,19464,141,USD,2026-08-15T12:00:00+00:00,GEN-20260815T120000Z-bcb100dcba34,POSTGRES_DIGITAL
4760522916540080,20260801,1657128491,854565296,252.6,36774,195,USD,2026-08-15T12:00:00+00:00,GEN-20260815T120000Z-bcb100dcba34,POSTGRES_DIGITAL
230860690002974,20260802,1657128491,854565296,818.85,14916,544,USD,2026-08-15T12:00:00+00:00,GEN-20260815T120000Z-bcb100dcba34,POSTGRES_DIGITAL
2496932318010001,20260803,1657128491,854565296,466.67,1563,1698,USD,2026-08-15T12:00:00+00:00,GEN-20260815T120000Z-bcb100dcba34,POSTGRES_DIGITAL
5128849573762841,20260804,1657128491,854565296,143.82,6179,189,USD,2026-08-15T12:00:00+00:00,GEN-20260815T120000Z-bcb100dcba34,POSTGRES_DIGITAL
4032358699844793,20260805,1657128491,854565296,544.55,122,1796,USD,2026-08-15T12:00:00+00:00,GEN-20260815T120000Z-bcb100dcba34,POSTGRES_DIGITAL
6298575265184251,20260806,1657128491,854565296,720.13,27477,1509,USD,2026-08-15T12:00:00+00:00,GEN-20260815T120000Z-bcb100dcba34,POSTGRES_DIGITAL
2279571432701111,20260807,1657128491,854565296,402.89,36390,44,USD,2026-08-15T12:00:00+00:00,GEN-20260815T120000Z-bcb100dcba34,POSTGRES_DIGITAL
2470527968733533,20260808,1657128491,854565296,412.5,21353,1686,USD,2026-08-15T12:00:00+00:00,GEN-20260815T120000Z-bcb100dcba34,POSTGRES_DIGITAL
